TaoLine,Family,MemoryFileSmall,LargeMemory,LineNumber,TimesSeen,Points,SessionSeen,Chapter,T#Line
chapter 1,sauce,sassy,isis oasis,1-0,0.0,0.0,0.0,1,0
the tao that can be told,sauce,seed,seaside,1-1,0.0,0.0,0.0,1,1
is not the eternal tao,sauce,assign,assassin,1-2,0.0,0.0,0.0,1,2
the name that can be named,sauce,awesome,sesame,1-3,0.0,0.0,0.0,1,3
is not the eternal name,sauce,sierra,assessor,1-4,0.0,0.0,0.0,1,4
the unnameable is the eternally real,sauce,sell,sizzle,1-5,0.0,0.0,0.0,1,5
naming is the origin,sauce,swishy,sissyish,1-6,0.0,0.0,0.0,1,6
of all particular things,sauce,sky,soy sauce,1-7,0.0,0.0,0.0,1,7
free from desire you realize the mystery,sauce,save,suasive,1-8,0.0,0.0,0.0,1,8
caught in desire you see only the manifestations,sauce,sappy,seesaw oboe,1-9,0.0,0.0,0.0,1,9
yet mystery and manifestations,sauce,daisy,hostess,1-10,0.0,0.0,0.0,1,10
arise from the same source,sauce,edit,stud,1-11,0.0,0.0,0.0,1,11
this source is called darkness,sauce,wooden,satan,1-12,0.0,0.0,0.0,1,12
darkness within darkness,sauce,dome,sodium,1-13,0.0,0.0,0.0,1,13
the gateway to all understanding,sauce,draw,oyster,1-14,0.0,0.0,0.0,1,14
chapter 2,sauce,tall,saddle,2-0,0.0,0.0,0.0,2,15
when people see some things as beautiful,sauce,dish,swedish,2-1,0.0,0.0,0.0,2,16
other things become ugly,sauce,take,stooge,2-2,0.0,0.0,0.0,2,17
when people see some things as good,sauce,deaf,stove,2-3,0.0,0.0,0.0,2,18
other things become bad,sauce,tuba,isotope,2-4,0.0,0.0,0.0,2,19
being and non being create each other,sauce,ionize,sinews,2-5,0.0,0.0,0.0,2,20
difficult and easy support each other,sauce,neat,sonnet,2-6,0.0,0.0,0.0,2,21
long and short define each other,sauce,onion,suny oxen,2-7,0.0,0.0,0.0,2,22
high and low depend on each other,sauce,name,asian exam,2-8,0.0,0.0,0.0,2,23
before and after follow each other,sauce,narrow,snare,2-9,0.0,0.0,0.0,2,24
therefore the master,sauce,nail,snail,2-10,0.0,0.0,0.0,2,25
acts without doing anything,sauce,enjoy,snowshoe,2-11,0.0,0.0,0.0,2,26
and teaches without saying anything,sauce,naggy,snake,2-12,0.0,0.0,0.0,2,27
things arise and she lets them come,sauce,knife,snuff,2-13,0.0,0.0,0.0,2,28
things disappear and she lets them go,sauce,nab,snoopy,2-14,0.0,0.0,0.0,2,29
she has but doesnt possess,sauce,messy,siamese,2-15,0.0,0.0,0.0,2,30
acts but doesnt expect,sauce,meadow,housemade,2-16,0.0,0.0,0.0,2,31
when her work is done she forgets it,sauce,mine,summon,2-17,0.0,0.0,0.0,2,32
that is why it lasts forever,sauce,mum,osmium,2-18,0.0,0.0,0.0,2,33
chapter 3,sauce,emery,samurai,3-0,0.0,0.0,0.0,3,34
if you over esteem great men,sauce,mail,sawmill,3-1,0.0,0.0,0.0,3,35
people become powerless,sauce,mushy,smooch,3-2,0.0,0.0,0.0,3,36
if you overvalue possessions,sauce,mug,smoke,3-3,0.0,0.0,0.0,3,37
people begin to steal,sauce,move,asimov,3-4,0.0,0.0,0.0,3,38
the master leads,sauce,wimpy,samba,3-5,0.0,0.0,0.0,3,39
by emptying peoples minds,sauce,rice,seahorse,3-6,0.0,0.0,0.0,3,40
and filling their cores,sauce,read,sword,3-7,0.0,0.0,0.0,3,41
by weakening their ambition,sauce,runny,siren,3-8,0.0,0.0,0.0,3,42
and toughening their resolve,sauce,rum,swarm,3-9,0.0,0.0,0.0,3,43
he helps people lose everything,sauce,rear,sir rex,3-10,0.0,0.0,0.0,3,44
they know everything they desire,sauce,royal,israeli,3-11,0.0,0.0,0.0,3,45
and creates confusion,sauce,roach,search,3-12,0.0,0.0,0.0,3,46
in those who think that they know,sauce,rake,surge,3-13,0.0,0.0,0.0,3,47
practice not doing,sauce,rough,serf,3-14,0.0,0.0,0.0,3,48
and everything will fall into place,sauce,rope,syrup,3-15,0.0,0.0,0.0,3,49
chapter 4,sauce,lose,salsa,4-0,0.0,0.0,0.0,4,50
the tao is like a well,sauce,elite,solid,4-1,0.0,0.0,0.0,4,51
used but never used up,sauce,lion,saloon,4-2,0.0,0.0,0.0,4,52
it is like the eternal void,sauce,loom,asylum,4-3,0.0,0.0,0.0,4,53
filled with infinite possibilities,sauce,leery,salor,4-4,0.0,0.0,0.0,4,54
it is hidden but always present,sauce,lily,slyly,4-5,0.0,0.0,0.0,4,55
i dont know who gave birth to it,sauce,latch,slush,4-6,0.0,0.0,0.0,4,56
it is older than god,sauce,lucky,slug,4-7,0.0,0.0,0.0,4,57
chapter 5,sauce,lava,slave,5-0,0.0,0.0,0.0,5,58
the tao doesnt take sides,sauce,help,slob,5-1,0.0,0.0,0.0,5,59
it gives birth to both good and evil,sauce,choosy,schizo,5-2,0.0,0.0,0.0,5,60
the master doesnt take sides,sauce,cheetah,sushi tax,5-3,0.0,0.0,0.0,5,61
she welcomes both saints and sinners,sauce,chain,sichuan,5-4,0.0,0.0,0.0,5,62
the tao is like a bellows,sauce,sham,scheme,5-5,0.0,0.0,0.0,5,63
it is empty yet infinitely capable,sauce,shrew,escher,5-6,0.0,0.0,0.0,5,64
the more you use it the more it produces,sauce,chill,school,5-7,0.0,0.0,0.0,5,65
the more you talk of it the less you understand,sauce,Jewish,sushi chew,5-8,0.0,0.0,0.0,5,66
hold on to the center,sauce,chick,hazy juice,5-9,0.0,0.0,0.0,5,67
chapter 6,sauce,achieve,sexy jehova,6-0,0.0,0.0,0.0,6,68
the tao is called the great mother,sauce,cheap,sexy shop,6-1,0.0,0.0,0.0,6,69
empty yet inexhaustible,sauce,goose,success,6-2,0.0,0.0,0.0,6,70
it gives birth to infinite worlds,sauce,quote,squid,6-3,0.0,0.0,0.0,6,71
it is always present within you,sauce,keen,sign,6-4,0.0,0.0,0.0,6,72
you can use it any way you want,sauce,game,eskimo,6-5,0.0,0.0,0.0,6,73
chapter 7,sauce,carry,sugar,7-0,0.0,0.0,0.0,7,74
the tao is infinite eternal,sauce,cool,skull,7-1,0.0,0.0,0.0,7,75
why is it eternal,sauce,cage,squash,7-2,0.0,0.0,0.0,7,76
it was never born,sauce,cook,squeegee,7-3,0.0,0.0,0.0,7,77
thus it can never die,sauce,goofy,sci-fi,7-4,0.0,0.0,0.0,7,78
why is it infinite,sauce,cube,scuba,7-5,0.0,0.0,0.0,7,79
it has no desires for itself,sauce,fuse,housewives,7-6,0.0,0.0,0.0,7,80
thus it is present for all beings,sauce,fat,safety,7-7,0.0,0.0,0.0,7,81
the master stays behind,sauce,fan,saxophone,7-8,0.0,0.0,0.0,7,82
that is why she is ahead,sauce,fume,sexy foam,7-9,0.0,0.0,0.0,7,83
she is detached from all things,sauce,furry,sphere,7-10,0.0,0.0,0.0,7,84
that is why she is one with them,sauce,fool,housefly,7-11,0.0,0.0,0.0,7,85
because she has let go of herself,sauce,fetch,sawfish,7-12,0.0,0.0,0.0,7,86
she is perfectly fulfilled,sauce,foggy,esophagi,7-13,0.0,0.0,0.0,7,87
chapter 8,sauce,fife,hazy viva,8-0,0.0,0.0,0.0,8,88
the supreme good is like water,sauce,fob,sexy fbi,8-1,0.0,0.0,0.0,8,89
which nourishes all things without trying to,sauce,busy,spouse,8-2,0.0,0.0,0.0,8,90
it is content with the low places that people disdain,sauce,bead,houseboat,8-3,0.0,0.0,0.0,8,91
thus it is like the tao,sauce,ban,spine,8-4,0.0,0.0,0.0,8,92
in dwelling live close to the ground,sauce,balmy,spam,8-5,0.0,0.0,0.0,8,93
in thinking keep to the simple,sauce,berry,sparrow,8-6,0.0,0.0,0.0,8,94
in conflict be fair and generous,sauce,peel,spool,8-7,0.0,0.0,0.0,8,95
in governing dont try to control,sauce,bushy,speech,8-8,0.0,0.0,0.0,8,96
in work do what you enjoy,sauce,bike,spice,8-9,0.0,0.0,0.0,8,97
in family life be completely present,sauce,pave,spiffy,8-10,0.0,0.0,0.0,8,98
when you are content to be simply yourself,sauce,baby,soapbox,8-11,0.0,0.0,0.0,8,99
and dont compare or compete,seed,sauce,odysseus,8-12,0.0,0.0,0.0,8,100
everybody will respect you,seed,swat,taoist,8-13,0.0,0.0,0.0,8,101
chapter 9,seed,snowy,watson,9-0,0.0,0.0,0.0,9,102
fill your bowl to the brim,seed,sumo,twosome,9-1,0.0,0.0,0.0,9,103
and it will spill,seed,sorrow,tzar,9-2,0.0,0.0,0.0,9,104
keep sharpening your knife,seed,slow,tesla,9-3,0.0,0.0,0.0,9,105
and it will blunt,seed,sewage,tissue shoe,9-4,0.0,0.0,0.0,9,106
chase after money and security,seed,soak,desk,9-5,0.0,0.0,0.0,9,107
and your heart will never unclench,seed,savvy,disavow,9-6,0.0,0.0,0.0,9,108
care about peoples approval,seed,soap,hutzpa,9-7,0.0,0.0,0.0,9,109
and you will be their prisoner,seed,tease,duds,9-8,0.0,0.0,0.0,9,110
do your work then step back,seed,tight,deadhead,9-9,0.0,0.0,0.0,9,111
the only path to serenity,seed,tuna,taxation,9-10,0.0,0.0,0.0,9,112
chapter 10,seed,time,totem,10-0,0.0,0.0,0.0,10,113
can you coax your mind from its wandering,seed,dry,tutor,10-1,0.0,0.0,0.0,10,114
and keep to the original oneness,seed,tail,total,10-2,0.0,0.0,0.0,10,115
can you let your body become,seed,teach,toothache,10-3,0.0,0.0,0.0,10,116
supple as a newborn childs,seed,thick,hot dog,10-4,0.0,0.0,0.0,10,117
can you cleanse your inner vision,seed,dove,detoxify,10-5,0.0,0.0,0.0,10,118
until you see nothing but the light,seed,type,audiotape,10-6,0.0,0.0,0.0,10,119
can you love people and lead them,seed,noisy,euthanize,10-7,0.0,0.0,0.0,10,120
without imposing your will,seed,net,tnt,10-8,0.0,0.0,0.0,10,121
can you deal with the most vital matters,seed,nanny,athenian,10-9,0.0,0.0,0.0,10,122
by letting events take their course,seed,numb,autonomy,10-10,0.0,0.0,0.0,10,123
can you step back from you own mind,seed,winery,tuner,10-11,0.0,0.0,0.0,10,124
and thus understand all things,seed,inhale,tunnel,10-12,0.0,0.0,0.0,10,125
giving birth and nourishing,seed,nudgy,thinnish,10-13,0.0,0.0,0.0,10,126
having without possessing,seed,neck,dance,10-14,0.0,0.0,0.0,10,127
acting with no expectations,seed,envy,oath envoy,10-15,0.0,0.0,0.0,10,128
leading and not trying to control,seed,wannabe,tuneup,10-16,0.0,0.0,0.0,10,129
this is the supreme virtue,seed,mouse,times,10-17,0.0,0.0,0.0,10,130
chapter 11,seed,meet,tomato,11-0,0.0,0.0,0.0,11,131
we join spokes together in a wheel,seed,mean,domino,11-1,0.0,0.0,0.0,11,132
but it is the center hole,seed,mummy,exit mom,11-2,0.0,0.0,0.0,11,133
that makes the wagon move,seed,marry,admire,11-3,0.0,0.0,0.0,11,134
we shape clay into a pot,seed,male,oatmeal,11-4,0.0,0.0,0.0,11,135
but it is the emptiness inside,seed,match,tax macho,11-5,0.0,0.0,0.0,11,136
that holds whatever we want,seed,mock,atomic,11-6,0.0,0.0,0.0,11,137
we hammer wood for a house,seed,mauve,eat movie,11-7,0.0,0.0,0.0,11,138
but it is the inner space,seed,map,thumb,11-8,0.0,0.0,0.0,11,139
that makes it livable,seed,erase,dress,11-9,0.0,0.0,0.0,11,140
we work with being,seed,ready,tarot,11-10,0.0,0.0,0.0,11,141
but non being is what we use,seed,urine,-,11-11,0.0,0.0,0.0,11,142
chapter 12,seed,ram,-,12-0,0.0,0.0,0.0,12,143
colors blind the eye,seed,rare,-,12-1,0.0,0.0,0.0,12,144
sounds deafen the ear,seed,railway,-,12-2,0.0,0.0,0.0,12,145
flavors numb the taste,seed,reach,-,12-3,0.0,0.0,0.0,12,146
thoughts weaken the mind,seed,rocky,-,12-4,0.0,0.0,0.0,12,147
desires wither the heart,seed,roof,-,12-5,0.0,0.0,0.0,12,148
the master observes the world,seed,wrap,-,12-6,0.0,0.0,0.0,12,149
but trusts his inner vision,seed,lazy,-,12-7,0.0,0.0,0.0,12,150
he allows things to come and go,seed,lady,-,12-8,0.0,0.0,0.0,12,151
his heart is open as the sky,seed,align,-,12-9,0.0,0.0,0.0,12,152
chapter 13,seed,lame,-,13-0,0.0,0.0,0.0,13,153
success is as dangerous as failure,seed,lorry,-,13-1,0.0,0.0,0.0,13,154
hope is as hollow as fear,seed,lull,-,13-2,0.0,0.0,0.0,13,155
what does it mean that success is a dangerous as failure,seed,yellowish,-,13-3,0.0,0.0,0.0,13,156
whether you go up the ladder or down it,seed,leg,-,13-4,0.0,0.0,0.0,13,157
you position is shaky,seed,love,-,13-5,0.0,0.0,0.0,13,158
when you stand with your two feet on the ground,seed,loopy,-,13-6,0.0,0.0,0.0,13,159
you will always keep your balance,seed,cheese,-,13-7,0.0,0.0,0.0,13,160
what does it mean that hope is as hollow as fear,seed,cheat,-,13-8,0.0,0.0,0.0,13,161
hope and fear are both phantoms,seed,shiny,-,13-9,0.0,0.0,0.0,13,162
that arise from thinking of the self,seed,gem,-,13-10,0.0,0.0,0.0,13,163
when we dont see the self as self,seed,jury,-,13-11,0.0,0.0,0.0,13,164
what do we have to fear,seed,jolly,-,13-12,0.0,0.0,0.0,13,165
see the world as your self,seed,cha-cha,-,13-13,0.0,0.0,0.0,13,166
have faith in the way things are,seed,check,-,13-14,0.0,0.0,0.0,13,167
love the world as your self,seed,chief,-,13-15,0.0,0.0,0.0,13,168
then you can care for all things,seed,jeep,-,13-16,0.0,0.0,0.0,13,169
chapter 14,seed,kiss,-,14-0,0.0,0.0,0.0,14,170
look and it cant be seen,seed,good,-,14-1,0.0,0.0,0.0,14,171
listen and it cant be heard,seed,coin,-,14-2,0.0,0.0,0.0,14,172
reach and it cant be grasped,seed,comb,-,14-3,0.0,0.0,0.0,14,173
above it isnt bright,seed,grey,-,14-4,0.0,0.0,0.0,14,174
below it isnt dark,seed,clay,-,14-5,0.0,0.0,0.0,14,175
seamless unnamable,seed,coach,-,14-6,0.0,0.0,0.0,14,176
it returns to the realm of nothing,seed,quick,-,14-7,0.0,0.0,0.0,14,177
form that includes all forms,seed,cave,-,14-8,0.0,0.0,0.0,14,178
image without an image,seed,copy,-,14-9,0.0,0.0,0.0,14,179
subtle beyond all conception,seed,fussy,-,14-10,0.0,0.0,0.0,14,180
approach it and there is no beginning,seed,video,-,14-11,0.0,0.0,0.0,14,181
follow it and there is no end,seed,fine,-,14-12,0.0,0.0,0.0,14,182
you cant know it but you can be it,seed,foamy,-,14-13,0.0,0.0,0.0,14,183
at ease in your own life,seed,fairy,-,14-14,0.0,0.0,0.0,14,184
just realize where you come from,seed,fly,-,14-15,0.0,0.0,0.0,14,185
this is the essence of wisdom,seed,fishy,-,14-16,0.0,0.0,0.0,14,186
chapter 15,seed,fig,-,15-0,0.0,0.0,0.0,15,187
the ancient masters were profound and subtle,seed,viva,-,15-1,0.0,0.0,0.0,15,188
their wisdom was unfathomable,seed,fab,-,15-2,0.0,0.0,0.0,15,189
there is no way to describe it,seed,boss,-,15-3,0.0,0.0,0.0,15,190
all we can describe is their appearance,seed,bite,-,15-4,0.0,0.0,0.0,15,191
they were careful,seed,bony,-,15-5,0.0,0.0,0.0,15,192
as someone crossing an iced over stream,seed,puma,-,15-6,0.0,0.0,0.0,15,193
alert as a warrior in enemy territory,seed,bury,-,15-7,0.0,0.0,0.0,15,194
courteous as a guest,seed,blue,-,15-8,0.0,0.0,0.0,15,195
fluid as melting ice,seed,pouch,-,15-9,0.0,0.0,0.0,15,196
shapable as a block of wood,seed,poke,-,15-10,0.0,0.0,0.0,15,197
receptive as a valley,seed,puffy,-,15-11,0.0,0.0,0.0,15,198
clear as a glass of water,seed,pipe,-,15-12,0.0,0.0,0.0,15,199
do you have the patience to wait,sun,assess,-,15-13,0.0,0.0,0.0,15,200
till your mud settles and the water is clear,sun,sad,-,15-14,0.0,0.0,0.0,15,201
can you remain unmoving,sun,sun,-,15-15,0.0,0.0,0.0,15,202
till the right action arises by itself,sun,assume,-,15-16,0.0,0.0,0.0,15,203
the master doesnt seek fulfillment,sun,sorry,-,15-17,0.0,0.0,0.0,15,204
not seeking not expecting,sun,soil,-,15-18,0.0,0.0,0.0,15,205
she is present and can welcome all things,sun,switch,-,15-19,0.0,0.0,0.0,15,206
chapter 16,sun,sick,-,16-0,0.0,0.0,0.0,16,207
empty your mind of all thoughts,sun,sofa,-,16-1,0.0,0.0,0.0,16,208
let your heart be at peace,sun,sob,-,16-2,0.0,0.0,0.0,16,209
watch the turmoil of beings,sun,dizzy,-,16-3,0.0,0.0,0.0,16,210
but contemplate their return,sun,tattoo,-,16-4,0.0,0.0,0.0,16,211
each separate being in the universe,sun,widen,-,16-5,0.0,0.0,0.0,16,212
returns to the common source,sun,tame,-,16-6,0.0,0.0,0.0,16,213
returning to the source is serenity,sun,diary,-,16-7,0.0,0.0,0.0,16,214
if you dont realize the source,sun,tell,-,16-8,0.0,0.0,0.0,16,215
you stumble in confusion and sorrow,sun,whitish,-,16-9,0.0,0.0,0.0,16,216
when you realize where you come from,sun,dog,-,16-10,0.0,0.0,0.0,16,217
you naturally become tolerant,sun,defy,-,16-11,0.0,0.0,0.0,16,218
disinterested amused,sun,deep,-,16-12,0.0,0.0,0.0,16,219
kindhearted as a grandmother,sun,nose,-,16-13,0.0,0.0,0.0,16,220
dignified as a king,sun,unite,-,16-14,0.0,0.0,0.0,16,221
immersed in the wonder of the tao,sun,neon,-,16-15,0.0,0.0,0.0,16,222
you can deal with whatever life brings you,sun,enemy,-,16-16,0.0,0.0,0.0,16,223
and when death comes you are ready,sun,honour,-,16-17,0.0,0.0,0.0,16,224
chapter 17,sun,annual,-,17-0,0.0,0.0,0.0,17,225
when the master governs the people,sun,nacho,-,17-1,0.0,0.0,0.0,17,226
are hardly aware that he exists,sun,knock,-,17-2,0.0,0.0,0.0,17,227
next best is a leader who is loved,sun,naïve,-,17-3,0.0,0.0,0.0,17,228
next one who is feared,sun,honeybee,-,17-4,0.0,0.0,0.0,17,229
the worst is one who is despised,sun,amuse,-,17-5,0.0,0.0,0.0,17,230
if you dont trust the people,sun,mute,-,17-6,0.0,0.0,0.0,17,231
you make them untrustworthy,sun,moon,-,17-7,0.0,0.0,0.0,17,232
the master doesnt talk he acts,sun,mime,-,17-8,0.0,0.0,0.0,17,233
when his work is done,sun,merry,-,17-9,0.0,0.0,0.0,17,234
the people say amazing,sun,mole,-,17-10,0.0,0.0,0.0,17,235
we did it all by ourselves,sun,mash,-,17-11,0.0,0.0,0.0,17,236
chapter 18,sun,mucky,-,18-0,0.0,0.0,0.0,18,237
when the great tao is forgotten,sun,movie,-,18-1,0.0,0.0,0.0,18,238
goodness and piety appear,sun,mop,-,18-2,0.0,0.0,0.0,18,239
when the bodys intelligence declines,sun,rosy,-,18-3,0.0,0.0,0.0,18,240
cleverness and knowledge step forth,sun,road,-,18-4,0.0,0.0,0.0,18,241
when there is no peace in the family,sun,ruin,-,18-5,0.0,0.0,0.0,18,242
filial piety begins,sun,haram,-,18-6,0.0,0.0,0.0,18,243
when the country falls into chaos,sun,aurora,-,18-7,0.0,0.0,0.0,18,244
patriotism is born,sun,rule,-,18-8,0.0,0.0,0.0,18,245
chapter 19,sun,rich,-,19-0,0.0,0.0,0.0,19,246
throw away holiness and wisdom,sun,rag,-,19-1,0.0,0.0,0.0,19,247
and people will be a hundred times happier,sun,arrive,-,19-2,0.0,0.0,0.0,19,248
throw away morality and justice,sun,ripe,-,19-3,0.0,0.0,0.0,19,249
and people will do the right thing,sun,louse,-,19-4,0.0,0.0,0.0,19,250
throw away industry and profit,sun,let,-,19-5,0.0,0.0,0.0,19,251
and there wont be any thieves,sun,alien,-,19-6,0.0,0.0,0.0,19,252
if these three arent enough,sun,lime,-,19-7,0.0,0.0,0.0,19,253
just stay at the center of the circle,sun,lure,-,19-8,0.0,0.0,0.0,19,254
and let all things take their course,sun,loyal,-,19-9,0.0,0.0,0.0,19,255
chapter 20,sun,leech,-,20-0,0.0,0.0,0.0,20,256
stop thinking and end your problems,sun,lick,-,20-1,0.0,0.0,0.0,20,257
what difference between yes and no,sun,leafy,-,20-2,0.0,0.0,0.0,20,258
what difference between success and failure,sun,lip,-,20-3,0.0,0.0,0.0,20,259
must you value what others value,sun,chase,-,20-4,0.0,0.0,0.0,20,260
avoid what others avoid,sun,chatty,-,20-5,0.0,0.0,0.0,20,261
how ridiculous,sun,chin,-,20-6,0.0,0.0,0.0,20,262
other people are excited,sun,jam,-,20-7,0.0,0.0,0.0,20,263
as though they were at a parade,sun,cherry,-,20-8,0.0,0.0,0.0,20,264
i alone dont care,sun,chilli,-,20-9,0.0,0.0,0.0,20,265
i alone am expressionless,sun,judge,-,20-10,0.0,0.0,0.0,20,266
like an infant before it can smile,sun,shaky,-,20-11,0.0,0.0,0.0,20,267
other people have what they need,sun,chef,-,20-12,0.0,0.0,0.0,20,268
i alone possess nothing,sun,chop,-,20-13,0.0,0.0,0.0,20,269
i alone drift about,sun,cosy,-,20-14,0.0,0.0,0.0,20,270
like someone without a home,sun,cat,-,20-15,0.0,0.0,0.0,20,271
i am like an idiot my mind is so empty,sun,weaken,-,20-16,0.0,0.0,0.0,20,272
other people are bright,sun,gummy,-,20-17,0.0,0.0,0.0,20,273
i alone am dark,sun,crow,-,20-18,0.0,0.0,0.0,20,274
other people are sharper,sun,kill,-,20-19,0.0,0.0,0.0,20,275
i alone am dull,sun,catchy,-,20-20,0.0,0.0,0.0,20,276
other people have a purpose,sun,cake,-,20-21,0.0,0.0,0.0,20,277
i alone dont know,sun,give,-,20-22,0.0,0.0,0.0,20,278
i drift like a wave on the ocean,sun,agape,-,20-23,0.0,0.0,0.0,20,279
i blow as aimless as the wind,sun,vase,-,20-24,0.0,0.0,0.0,20,280
i am different from ordinary people,sun,fight,-,20-25,0.0,0.0,0.0,20,281
i drink from the great mothers breasts,sun,funny,-,20-26,0.0,0.0,0.0,20,282
chapter 21,sun,ovum,-,21-0,0.0,0.0,0.0,21,283
the master keeps her mind,sun,fry,-,21-1,0.0,0.0,0.0,21,284
always at one with the tao,sun,foul,-,21-2,0.0,0.0,0.0,21,285
that is what gives her her radiance,sun,veggie,-,21-3,0.0,0.0,0.0,21,286
the tao is ungraspable,sun,fake,-,21-4,0.0,0.0,0.0,21,287
how can her mind be at one with it,sun,fave,-,21-5,0.0,0.0,0.0,21,288
because she doesnt cling to ideas,sun,vibe,-,21-6,0.0,0.0,0.0,21,289
the tao is dark and unfathomable,sun,oppose,-,21-7,0.0,0.0,0.0,21,290
how can it make her radiant,sun,bad,-,21-8,0.0,0.0,0.0,21,291
because she lets it,sun,pony,-,21-9,0.0,0.0,0.0,21,292
since before time and space were,sun,bomb,-,21-10,0.0,0.0,0.0,21,293
the tao is,sun,pro,-,21-11,0.0,0.0,0.0,21,294
it is beyond is and is not,sun,bell,-,21-12,0.0,0.0,0.0,21,295
how do i know this is true,sun,patch,-,21-13,0.0,0.0,0.0,21,296
i look inside myself and see,sun,back,-,21-14,0.0,0.0,0.0,21,297
chapter 22,sun,beef,-,22-0,0.0,0.0,0.0,22,298
if you want to become whole,sun,pop,-,22-1,0.0,0.0,0.0,22,299
let yourself be partial,sumo,sassy,-,22-2,0.0,0.0,0.0,22,300
if you want to become straight,sumo,seed,-,22-3,0.0,0.0,0.0,22,301
let yourself be crooked,sumo,assign,-,22-4,0.0,0.0,0.0,22,302
if you want to become full,sumo,awesome,-,22-5,0.0,0.0,0.0,22,303
let yourself be empty,sumo,sierra,-,22-6,0.0,0.0,0.0,22,304
if you want to be reborn,sumo,sell,-,22-7,0.0,0.0,0.0,22,305
let yourself die,sumo,swishy,-,22-8,0.0,0.0,0.0,22,306
if you want to be given everything,sumo,sky,-,22-9,0.0,0.0,0.0,22,307
give everything up,sumo,save,-,22-10,0.0,0.0,0.0,22,308
the master by residing in the tao,sumo,sappy,-,22-11,0.0,0.0,0.0,22,309
sets an example for all beings,sumo,daisy,-,22-12,0.0,0.0,0.0,22,310
because he doesnt display himself,sumo,edit,-,22-13,0.0,0.0,0.0,22,311
people can see his light,sumo,wooden,-,22-14,0.0,0.0,0.0,22,312
because he has nothing to prove,sumo,dome,-,22-15,0.0,0.0,0.0,22,313
people can trust his words,sumo,draw,-,22-16,0.0,0.0,0.0,22,314
because he doesnt know who he is,sumo,tall,-,22-17,0.0,0.0,0.0,22,315
people recognize themselves in him,sumo,dish,-,22-18,0.0,0.0,0.0,22,316
because he has no goad in mind,sumo,take,-,22-19,0.0,0.0,0.0,22,317
everything he does succeeds,sumo,deaf,-,22-20,0.0,0.0,0.0,22,318
when the ancient masters said,sumo,tuba,-,22-21,0.0,0.0,0.0,22,319
if you want to be given everything,sumo,ionize,-,22-22,0.0,0.0,0.0,22,320
give everything up,sumo,neat,-,22-23,0.0,0.0,0.0,22,321
they werent using empty phrases,sumo,onion,-,22-24,0.0,0.0,0.0,22,322
only in being lived by the tao can you be truly yourself,sumo,name,-,22-25,0.0,0.0,0.0,22,323
chapter 23,sumo,narrow,-,23-0,0.0,0.0,0.0,23,324
express yourself completely,sumo,nail,-,23-1,0.0,0.0,0.0,23,325
then keep quiet,sumo,enjoy,-,23-2,0.0,0.0,0.0,23,326
be like the forces of nature,sumo,naggy,-,23-3,0.0,0.0,0.0,23,327
when it blows there is only wind,sumo,knife,-,23-4,0.0,0.0,0.0,23,328
when it rains there is only rain,sumo,nab,-,23-5,0.0,0.0,0.0,23,329
when the clouds pass the sun shines through,sumo,messy,-,23-6,0.0,0.0,0.0,23,330
if you open yourself to the tao,sumo,meadow,-,23-7,0.0,0.0,0.0,23,331
you are at one with the tao,sumo,mine,-,23-8,0.0,0.0,0.0,23,332
and you can embody it completely,sumo,mum,-,23-9,0.0,0.0,0.0,23,333
if you open yourself to insight,sumo,emery,-,23-10,0.0,0.0,0.0,23,334
you are at one with insight,sumo,mail,-,23-11,0.0,0.0,0.0,23,335
and you can use it completely,sumo,mushy,-,23-12,0.0,0.0,0.0,23,336
if you open yourself to loss,sumo,mug,-,23-13,0.0,0.0,0.0,23,337
you are at one with loss,sumo,move,-,23-14,0.0,0.0,0.0,23,338
and you can accept it completely,sumo,wimpy,-,23-15,0.0,0.0,0.0,23,339
open yourself to the tao,sumo,rice,-,23-16,0.0,0.0,0.0,23,340
then trust your natural responses,sumo,read,-,23-17,0.0,0.0,0.0,23,341
and everything will fall into place,sumo,runny,-,23-18,0.0,0.0,0.0,23,342
chapter 24,sumo,rum,-,24-0,0.0,0.0,0.0,24,343
he who stands on tiptoe,sumo,rear,-,24-1,0.0,0.0,0.0,24,344
doesnt stand form,sumo,royal,-,24-2,0.0,0.0,0.0,24,345
he who rushes ahead,sumo,roach,-,24-3,0.0,0.0,0.0,24,346
doesnt go far,sumo,rake,-,24-4,0.0,0.0,0.0,24,347
he who tries to shine,sumo,rough,-,24-5,0.0,0.0,0.0,24,348
dims his own light,sumo,rope,-,24-6,0.0,0.0,0.0,24,349
he who defines himself,sumo,lose,-,24-7,0.0,0.0,0.0,24,350
cant know who he really is,sumo,elite,-,24-8,0.0,0.0,0.0,24,351
he who has power over others,sumo,lion,-,24-9,0.0,0.0,0.0,24,352
cant empower himself,sumo,loom,-,24-10,0.0,0.0,0.0,24,353
he who clings to his work,sumo,leery,-,24-11,0.0,0.0,0.0,24,354
will create nothing that endures,sumo,lily,-,24-12,0.0,0.0,0.0,24,355
if you want to accord with the tao,sumo,latch,-,24-13,0.0,0.0,0.0,24,356
just do your job then let go,sumo,lucky,-,24-14,0.0,0.0,0.0,24,357
chapter 25,sumo,lava,-,25-0,0.0,0.0,0.0,25,358
there was something formless and perfect,sumo,help,-,25-1,0.0,0.0,0.0,25,359
before the universe was born,sumo,choosy,-,25-2,0.0,0.0,0.0,25,360
it is serene empty,sumo,cheetah,-,25-3,0.0,0.0,0.0,25,361
solitary unchanging,sumo,chain,-,25-4,0.0,0.0,0.0,25,362
infinite eternally present,sumo,sham,-,25-5,0.0,0.0,0.0,25,363
it is the mother of the universe,sumo,shrew,-,25-6,0.0,0.0,0.0,25,364
for lack of a better name,sumo,chill,-,25-7,0.0,0.0,0.0,25,365
i call it the tao,sumo,Jewish,-,25-8,0.0,0.0,0.0,25,366
it flows through all things,sumo,chick,-,25-9,0.0,0.0,0.0,25,367
inside and outside and returns,sumo,achieve,-,25-10,0.0,0.0,0.0,25,368
to the origin of all things,sumo,cheap,-,25-11,0.0,0.0,0.0,25,369
the tao is great,sumo,goose,-,25-12,0.0,0.0,0.0,25,370
the universe is great,sumo,quote,-,25-13,0.0,0.0,0.0,25,371
earth is great,sumo,keen,-,25-14,0.0,0.0,0.0,25,372
man is great,sumo,game,-,25-15,0.0,0.0,0.0,25,373
these are the four great powers,sumo,carry,-,25-16,0.0,0.0,0.0,25,374
man follows the earth,sumo,cool,-,25-17,0.0,0.0,0.0,25,375
earth follows the universe,sumo,cage,-,25-18,0.0,0.0,0.0,25,376
the universe follows the tao,sumo,cook,-,25-19,0.0,0.0,0.0,25,377
the tao follows only itself,sumo,goofy,-,25-20,0.0,0.0,0.0,25,378
chapter 26,sumo,cube,-,26-0,0.0,0.0,0.0,26,379
the heavy is the root of the light,sumo,fuse,-,26-1,0.0,0.0,0.0,26,380
the unmoved is the source of all movement,sumo,fat,-,26-2,0.0,0.0,0.0,26,381
thus the master travels all day,sumo,fan,-,26-3,0.0,0.0,0.0,26,382
without leaving home,sumo,fume,-,26-4,0.0,0.0,0.0,26,383
however splendid the views,sumo,furry,-,26-5,0.0,0.0,0.0,26,384
she stays serenely in herself,sumo,fool,-,26-6,0.0,0.0,0.0,26,385
why should the lord of the country,sumo,fetch,-,26-7,0.0,0.0,0.0,26,386
flit about like a fool,sumo,foggy,-,26-8,0.0,0.0,0.0,26,387
if you let yourself be blown to and fro,sumo,fife,-,26-9,0.0,0.0,0.0,26,388
you lose touch with your root,sumo,fob,-,26-10,0.0,0.0,0.0,26,389
if you let restlessness move you,sumo,busy,-,26-11,0.0,0.0,0.0,26,390
you lose touch with who you are,sumo,bead,-,26-12,0.0,0.0,0.0,26,391
chapter 27,sumo,ban,-,27-0,0.0,0.0,0.0,27,392
a good traveler has no fixed plans,sumo,balmy,-,27-1,0.0,0.0,0.0,27,393
and is not intent upon arriving,sumo,berry,-,27-2,0.0,0.0,0.0,27,394
a good artist lets his intuition,sumo,peel,-,27-3,0.0,0.0,0.0,27,395
lead him wherever it wants,sumo,bushy,-,27-4,0.0,0.0,0.0,27,396
a good scientist has freed himself of concepts,sumo,bike,-,27-5,0.0,0.0,0.0,27,397
and keeps his mind open to what is,sumo,pave,-,27-6,0.0,0.0,0.0,27,398
thus the master is available to all people,sumo,baby,-,27-7,0.0,0.0,0.0,27,399
and doesnt reject anyone,sierra,sauce,-,27-8,0.0,0.0,0.0,27,400
he is ready to use all situations,sierra,swat,-,27-9,0.0,0.0,0.0,27,401
and doesnt waste anything,sierra,snowy,-,27-10,0.0,0.0,0.0,27,402
this is called embodying the light,sierra,sumo,-,27-11,0.0,0.0,0.0,27,403
what is a good man but a bad mans teacher,sierra,sorrow,-,27-12,0.0,0.0,0.0,27,404
what is a bad man but a good mans job,sierra,slow,-,27-13,0.0,0.0,0.0,27,405
if you dont understand this you will get lost,sierra,sewage,-,27-14,0.0,0.0,0.0,27,406
however intelligent you are,sierra,soak,-,27-15,0.0,0.0,0.0,27,407
it is the great secret,sierra,savvy,-,27-16,0.0,0.0,0.0,27,408
chapter 28,sierra,soap,-,28-0,0.0,0.0,0.0,28,409
know the male,sierra,tease,-,28-1,0.0,0.0,0.0,28,410
yet keep to the female,sierra,tight,-,28-2,0.0,0.0,0.0,28,411
receive the world in your arms,sierra,tuna,-,28-3,0.0,0.0,0.0,28,412
if you receive the world,sierra,time,-,28-4,0.0,0.0,0.0,28,413
the tao will never leave you,sierra,dry,-,28-5,0.0,0.0,0.0,28,414
and you will be like a little child,sierra,tail,-,28-6,0.0,0.0,0.0,28,415
know the white,sierra,teach,-,28-7,0.0,0.0,0.0,28,416
yet keep to the black,sierra,thick,-,28-8,0.0,0.0,0.0,28,417
be a pattern for the world,sierra,dove,-,28-9,0.0,0.0,0.0,28,418
if you are a pattern for the world,sierra,type,-,28-10,0.0,0.0,0.0,28,419
the tao will be strong inside you,sierra,noisy,-,28-11,0.0,0.0,0.0,28,420
and there will be nothing you cant do,sierra,net,-,28-12,0.0,0.0,0.0,28,421
know the personal,sierra,nanny,-,28-13,0.0,0.0,0.0,28,422
yet keep to the impersonal,sierra,numb,-,28-14,0.0,0.0,0.0,28,423
accept the world as it is,sierra,winery,-,28-15,0.0,0.0,0.0,28,424
if you accept the world,sierra,inhale,-,28-16,0.0,0.0,0.0,28,425
the tao will be luminous inside you,sierra,nudgy,-,28-17,0.0,0.0,0.0,28,426
and you will return to your primal self,sierra,neck,-,28-18,0.0,0.0,0.0,28,427
the world is formed from the void,sierra,envy,-,28-19,0.0,0.0,0.0,28,428
like utensils from a block of wood,sierra,wannabe,-,28-20,0.0,0.0,0.0,28,429
the master knows the utensils,sierra,mouse,-,28-21,0.0,0.0,0.0,28,430
yet keeps to the the block,sierra,meet,-,28-22,0.0,0.0,0.0,28,431
thus she can use all things,sierra,mean,-,28-23,0.0,0.0,0.0,28,432
chapter 29,sierra,mummy,-,29-0,0.0,0.0,0.0,29,433
do you want to improve the world,sierra,marry,-,29-1,0.0,0.0,0.0,29,434
i dont think it can be done,sierra,male,-,29-2,0.0,0.0,0.0,29,435
the world is sacred,sierra,match,-,29-3,0.0,0.0,0.0,29,436
it cant be improved,sierra,mock,-,29-4,0.0,0.0,0.0,29,437
if you tamper with it youll ruin it,sierra,mauve,-,29-5,0.0,0.0,0.0,29,438
if you treat it like an object youll lose it,sierra,map,-,29-6,0.0,0.0,0.0,29,439
there is a time for being ahead,sierra,erase,-,29-7,0.0,0.0,0.0,29,440
a time for being behind,sierra,ready,-,29-8,0.0,0.0,0.0,29,441
a time for being in motion,sierra,urine,-,29-9,0.0,0.0,0.0,29,442
a time for being at rest,sierra,ram,-,29-10,0.0,0.0,0.0,29,443
a time for being vigorous,sierra,rare,-,29-11,0.0,0.0,0.0,29,444
a time for being exhausted,sierra,railway,-,29-12,0.0,0.0,0.0,29,445
a time for being safe,sierra,reach,-,29-13,0.0,0.0,0.0,29,446
a time for being in danger,sierra,rocky,-,29-14,0.0,0.0,0.0,29,447
the master sees things as they are,sierra,roof,-,29-15,0.0,0.0,0.0,29,448
without trying to control them,sierra,wrap,-,29-16,0.0,0.0,0.0,29,449
she lets them go their own way,sierra,lazy,-,29-17,0.0,0.0,0.0,29,450
and resides at the center of the circle,sierra,lady,-,29-18,0.0,0.0,0.0,29,451
chapter 30,sierra,align,-,30-0,0.0,0.0,0.0,30,452
whoever relies on the tao in governing men,sierra,lame,-,30-1,0.0,0.0,0.0,30,453
doesnt try to force issues,sierra,lorry,-,30-2,0.0,0.0,0.0,30,454
or defeat enemies by force of arms,sierra,lull,-,30-3,0.0,0.0,0.0,30,455
for every force there is a counterforce,sierra,yellowish,-,30-4,0.0,0.0,0.0,30,456
violence even well intentioned,sierra,leg,-,30-5,0.0,0.0,0.0,30,457
always rebounds upon oneself,sierra,love,-,30-6,0.0,0.0,0.0,30,458
the master does his job,sierra,loopy,-,30-7,0.0,0.0,0.0,30,459
and then stops,sierra,cheese,-,30-8,0.0,0.0,0.0,30,460
he understands that the universe,sierra,cheat,-,30-9,0.0,0.0,0.0,30,461
is forever out of control,sierra,shiny,-,30-10,0.0,0.0,0.0,30,462
and that trying to dominate events,sierra,gem,-,30-11,0.0,0.0,0.0,30,463
goes against the current of the tao,sierra,jury,-,30-12,0.0,0.0,0.0,30,464
because he believes in himself,sierra,jolly,-,30-13,0.0,0.0,0.0,30,465
he doesnt try to convince others,sierra,cha-cha,-,30-14,0.0,0.0,0.0,30,466
because he is content with himself,sierra,check,-,30-15,0.0,0.0,0.0,30,467
he doesnt need others approval,sierra,chief,-,30-16,0.0,0.0,0.0,30,468
because he accepts himself,sierra,jeep,-,30-17,0.0,0.0,0.0,30,469
the whole world accepts him,sierra,kiss,-,30-18,0.0,0.0,0.0,30,470
chapter 31,sierra,good,-,31-0,0.0,0.0,0.0,31,471
weapons are the tools of violence,sierra,coin,-,31-1,0.0,0.0,0.0,31,472
all decent men detest them,sierra,comb,-,31-2,0.0,0.0,0.0,31,473
weapons are the tools of fear,sierra,grey,-,31-3,0.0,0.0,0.0,31,474
a decent man will avoid them,sierra,clay,-,31-4,0.0,0.0,0.0,31,475
except in the direst necessity,sierra,coach,-,31-5,0.0,0.0,0.0,31,476
and if compelled will use them,sierra,quick,-,31-6,0.0,0.0,0.0,31,477
only with the utmost restraint,sierra,cave,-,31-7,0.0,0.0,0.0,31,478
peace is his highest value,sierra,copy,-,31-8,0.0,0.0,0.0,31,479
if the peace has been shattered,sierra,fussy,-,31-9,0.0,0.0,0.0,31,480
how can he be content,sierra,video,-,31-10,0.0,0.0,0.0,31,481
his enemies are not demons,sierra,fine,-,31-11,0.0,0.0,0.0,31,482
but human beings like himself,sierra,foamy,-,31-12,0.0,0.0,0.0,31,483
he doesnt wish them personal harm,sierra,fairy,-,31-13,0.0,0.0,0.0,31,484
nor does he rejoice in victory,sierra,fly,-,31-14,0.0,0.0,0.0,31,485
how could he rejoice in victory,sierra,fishy,-,31-15,0.0,0.0,0.0,31,486
and delight in the slaughter of men,sierra,fig,-,31-16,0.0,0.0,0.0,31,487
he enters a battle gravely,sierra,viva,-,31-17,0.0,0.0,0.0,31,488
with sorrow and with great compassion,sierra,fab,-,31-18,0.0,0.0,0.0,31,489
as if he were attending a funeral,sierra,boss,-,31-19,0.0,0.0,0.0,31,490
chapter 32,sierra,bite,-,32-0,0.0,0.0,0.0,32,491
the tao cant be perceived,sierra,bony,-,32-1,0.0,0.0,0.0,32,492
smaller than an electron,sierra,puma,-,32-2,0.0,0.0,0.0,32,493
it contains uncountable galaxies,sierra,bury,-,32-3,0.0,0.0,0.0,32,494
if powerful men and women,sierra,blue,-,32-4,0.0,0.0,0.0,32,495
could remain centered in the tao,sierra,pouch,-,32-5,0.0,0.0,0.0,32,496
all things would be in harmony,sierra,poke,-,32-6,0.0,0.0,0.0,32,497
the world would become a paradise,sierra,puffy,-,32-7,0.0,0.0,0.0,32,498
all people would be at peace,sierra,pipe,-,32-8,0.0,0.0,0.0,32,499
and the law would be written in their hearts,soil,assess,-,32-9,0.0,0.0,0.0,32,500
when you have names and forms,soil,sad,-,32-10,0.0,0.0,0.0,32,501
know that they are provisional,soil,sun,-,32-11,0.0,0.0,0.0,32,502
when you have institutions,soil,assume,-,32-12,0.0,0.0,0.0,32,503
know where their functions should end,soil,sorry,-,32-13,0.0,0.0,0.0,32,504
knowing when to stop,soil,soil,-,32-14,0.0,0.0,0.0,32,505
you can avoid any danger,soil,switch,-,32-15,0.0,0.0,0.0,32,506
all things end in the tao,soil,sick,-,32-16,0.0,0.0,0.0,32,507
as rivers flow into the sea,soil,sofa,-,32-17,0.0,0.0,0.0,32,508
chapter 33,soil,sob,-,33-0,0.0,0.0,0.0,33,509
knowing others is intelligence,soil,dizzy,-,33-1,0.0,0.0,0.0,33,510
knowing yourself is true wisdom,soil,tattoo,-,33-2,0.0,0.0,0.0,33,511
mastering others is strength,soil,widen,-,33-3,0.0,0.0,0.0,33,512
mastering yourself is true power,soil,tame,-,33-4,0.0,0.0,0.0,33,513
if you realize that you have enough,soil,diary,-,33-5,0.0,0.0,0.0,33,514
you are truly rich,soil,tell,-,33-6,0.0,0.0,0.0,33,515
if you stay in the center,soil,whitish,-,33-7,0.0,0.0,0.0,33,516
and embrace death with your whole heart,soil,dog,-,33-8,0.0,0.0,0.0,33,517
you will endure forever,soil,defy,-,33-9,0.0,0.0,0.0,33,518
chapter 34,soil,deep,-,34-0,0.0,0.0,0.0,34,519
the great tao flows everywhere,soil,nose,-,34-1,0.0,0.0,0.0,34,520
all things are born from it,soil,unite,-,34-2,0.0,0.0,0.0,34,521
yet it doesnt create them,soil,neon,-,34-3,0.0,0.0,0.0,34,522
it pours itself into its work,soil,enemy,-,34-4,0.0,0.0,0.0,34,523
yet it makes no claim,soil,honour,-,34-5,0.0,0.0,0.0,34,524
it nourishes infinite worlds,soil,annual,-,34-6,0.0,0.0,0.0,34,525
yet it doesnt hold on to them,soil,nacho,-,34-7,0.0,0.0,0.0,34,526
since it is merged with all things,soil,knock,-,34-8,0.0,0.0,0.0,34,527
and hidden in their hearts,soil,naïve,-,34-9,0.0,0.0,0.0,34,528
it can be called humble,soil,honeybee,-,34-10,0.0,0.0,0.0,34,529
since all things vanish into it,soil,amuse,-,34-11,0.0,0.0,0.0,34,530
and it alone endures,soil,mute,-,34-12,0.0,0.0,0.0,34,531
it can be called great,soil,moon,-,34-13,0.0,0.0,0.0,34,532
it isnt aware of its greatness,soil,mime,-,34-14,0.0,0.0,0.0,34,533
thus it is truly great,soil,merry,-,34-15,0.0,0.0,0.0,34,534
chapter 35,soil,mole,-,35-0,0.0,0.0,0.0,35,535
she who is centered in the tao,soil,mash,-,35-1,0.0,0.0,0.0,35,536
can go where she wishes without danger,soil,mucky,-,35-2,0.0,0.0,0.0,35,537
she perceives the universal harmony,soil,movie,-,35-3,0.0,0.0,0.0,35,538
even amid great pain,soil,mop,-,35-4,0.0,0.0,0.0,35,539
because she has found peace in her heart,soil,rosy,-,35-5,0.0,0.0,0.0,35,540
music or the smell of good cooking,soil,road,-,35-6,0.0,0.0,0.0,35,541
may make people stop and enjoy,soil,ruin,-,35-7,0.0,0.0,0.0,35,542
but words that point to the tao,soil,haram,-,35-8,0.0,0.0,0.0,35,543
seem monotonous and without flavor,soil,aurora,-,35-9,0.0,0.0,0.0,35,544
when you look for it there is nothing to see,soil,rule,-,35-10,0.0,0.0,0.0,35,545
when you listen for it there is nothing to hear,soil,rich,-,35-11,0.0,0.0,0.0,35,546
when you use it it is inexhaustible,soil,rag,-,35-12,0.0,0.0,0.0,35,547
chapter 36,soil,arrive,-,36-0,0.0,0.0,0.0,36,548
if you want to shrink something,soil,ripe,-,36-1,0.0,0.0,0.0,36,549
you must first allow it to expand,soil,louse,-,36-2,0.0,0.0,0.0,36,550
if you want to get rid of something,soil,let,-,36-3,0.0,0.0,0.0,36,551
you must first allow it to flourish,soil,alien,-,36-4,0.0,0.0,0.0,36,552
if you want to take something,soil,lime,-,36-5,0.0,0.0,0.0,36,553
you must first allow it to be given,soil,lure,-,36-6,0.0,0.0,0.0,36,554
this is called the subtle perception,soil,loyal,-,36-7,0.0,0.0,0.0,36,555
of the way things are,soil,leech,-,36-8,0.0,0.0,0.0,36,556
the soft overcomes the hard,soil,lick,-,36-9,0.0,0.0,0.0,36,557
the slow overcomes the fast,soil,leafy,-,36-10,0.0,0.0,0.0,36,558
let your workings remain a mystery,soil,lip,-,36-11,0.0,0.0,0.0,36,559
just show people the results,soil,chase,-,36-12,0.0,0.0,0.0,36,560
chapter 37,soil,chatty,-,37-0,0.0,0.0,0.0,37,561
the tao never does anything,soil,chin,-,37-1,0.0,0.0,0.0,37,562
yet through it all things are done,soil,jam,-,37-2,0.0,0.0,0.0,37,563
if powerful men and women,soil,cherry,-,37-3,0.0,0.0,0.0,37,564
could venter themselves in it,soil,chilli,-,37-4,0.0,0.0,0.0,37,565
the whole world would be transformed,soil,judge,-,37-5,0.0,0.0,0.0,37,566
by itself in its natural rhythms,soil,shaky,-,37-6,0.0,0.0,0.0,37,567
people would be content,soil,chef,-,37-7,0.0,0.0,0.0,37,568
with their simple everyday lives,soil,chop,-,37-8,0.0,0.0,0.0,37,569
in harmony and free of desire,soil,cosy,-,37-9,0.0,0.0,0.0,37,570
when there is no desire,soil,cat,-,37-10,0.0,0.0,0.0,37,571
all things are at peace,soil,weaken,-,37-11,0.0,0.0,0.0,37,572
chapter 38,soil,gummy,-,38-0,0.0,0.0,0.0,38,573
the master doesnt try to be powerful,soil,crow,-,38-1,0.0,0.0,0.0,38,574
thus he is truly powerful,soil,kill,-,38-2,0.0,0.0,0.0,38,575
the ordinary man keeps reaching for power,soil,catchy,-,38-3,0.0,0.0,0.0,38,576
thus he never has enough,soil,cake,-,38-4,0.0,0.0,0.0,38,577
the master does nothing,soil,give,-,38-5,0.0,0.0,0.0,38,578
yet he leaves nothing undone,soil,agape,-,38-6,0.0,0.0,0.0,38,579
the ordinary man is always doing things,soil,vase,-,38-7,0.0,0.0,0.0,38,580
yet many more are left to be done,soil,fight,-,38-8,0.0,0.0,0.0,38,581
the kind man does something,soil,funny,-,38-9,0.0,0.0,0.0,38,582
yet something remains undone,soil,ovum,-,38-10,0.0,0.0,0.0,38,583
the just man does something,soil,fry,-,38-11,0.0,0.0,0.0,38,584
and leaves many things to be done,soil,foul,-,38-12,0.0,0.0,0.0,38,585
the moral man does something,soil,veggie,-,38-13,0.0,0.0,0.0,38,586
and when no one responds,soil,fake,-,38-14,0.0,0.0,0.0,38,587
he rolls up his sleeves and uses force,soil,fave,-,38-15,0.0,0.0,0.0,38,588
when the tao is lost there is goodness,soil,vibe,-,38-16,0.0,0.0,0.0,38,589
when goodness is lost there is morality,soil,oppose,-,38-17,0.0,0.0,0.0,38,590
when morality is lost there is ritual,soil,bad,-,38-18,0.0,0.0,0.0,38,591
ritual is the husk of true faith,soil,pony,-,38-19,0.0,0.0,0.0,38,592
the beginning of chaos,soil,bomb,-,38-20,0.0,0.0,0.0,38,593
therefore the master concerns himself,soil,pro,-,38-21,0.0,0.0,0.0,38,594
with the depths and not the surface,soil,bell,-,38-22,0.0,0.0,0.0,38,595
with the fruit and not the flower,soil,patch,-,38-23,0.0,0.0,0.0,38,596
he has no will of his own,soil,back,-,38-24,0.0,0.0,0.0,38,597
he dwells in reality,soil,beef,-,38-25,0.0,0.0,0.0,38,598
and lets all illusions go,soil,pop,-,38-26,0.0,0.0,0.0,38,599
chapter 39,sewage,sassy,-,39-0,0.0,0.0,0.0,39,600
in harmony with the tao,sewage,seed,-,39-1,0.0,0.0,0.0,39,601
the sky is clear and spacious,sewage,assign,-,39-2,0.0,0.0,0.0,39,602
the earth is solid and full,sewage,awesome,-,39-3,0.0,0.0,0.0,39,603
all creature flourish together,sewage,sierra,-,39-4,0.0,0.0,0.0,39,604
content with the way they are,sewage,sell,-,39-5,0.0,0.0,0.0,39,605
endlessly repeating themselves,sewage,swishy,-,39-6,0.0,0.0,0.0,39,606
endlessly renewed,sewage,sky,-,39-7,0.0,0.0,0.0,39,607
when man interferes with the tao,sewage,save,-,39-8,0.0,0.0,0.0,39,608
the sky becomes filthy,sewage,sappy,-,39-9,0.0,0.0,0.0,39,609
the earth becomes depleted,sewage,daisy,-,39-10,0.0,0.0,0.0,39,610
the equilibrium crumbles,sewage,edit,-,39-11,0.0,0.0,0.0,39,611
creatures become extinct,sewage,wooden,-,39-12,0.0,0.0,0.0,39,612
the master views the parts with compassion,sewage,dome,-,39-13,0.0,0.0,0.0,39,613
because he understands the whole,sewage,draw,-,39-14,0.0,0.0,0.0,39,614
his constant practice is humility,sewage,tall,-,39-15,0.0,0.0,0.0,39,615
he doesnt glitter like a jewel,sewage,dish,-,39-16,0.0,0.0,0.0,39,616
but lets himself be shaped by the tao,sewage,take,-,39-17,0.0,0.0,0.0,39,617
as rugged and common as stone,sewage,deaf,-,39-18,0.0,0.0,0.0,39,618
chapter 40,sewage,tuba,-,40-0,0.0,0.0,0.0,40,619
return is the movement of the tao,sewage,ionize,-,40-1,0.0,0.0,0.0,40,620
yielding is the way of the tao,sewage,neat,-,40-2,0.0,0.0,0.0,40,621
all things are born of being,sewage,onion,-,40-3,0.0,0.0,0.0,40,622
being is born of non being,sewage,name,-,40-4,0.0,0.0,0.0,40,623
chapter 41,sewage,narrow,-,41-0,0.0,0.0,0.0,41,624
when a superior man hears of the tao,sewage,nail,-,41-1,0.0,0.0,0.0,41,625
he immediately begins to embody it,sewage,enjoy,-,41-2,0.0,0.0,0.0,41,626
when an average man hears of the tao,sewage,naggy,-,41-3,0.0,0.0,0.0,41,627
he half believes it half doubts it,sewage,knife,-,41-4,0.0,0.0,0.0,41,628
when a foolish man hears of the tao,sewage,nab,-,41-5,0.0,0.0,0.0,41,629
he laughs out loud,sewage,messy,-,41-6,0.0,0.0,0.0,41,630
if he didnt laugh,sewage,meadow,-,41-7,0.0,0.0,0.0,41,631
it wouldnt be the tao,sewage,mine,-,41-8,0.0,0.0,0.0,41,632
thus it is said,sewage,mum,-,41-9,0.0,0.0,0.0,41,633
the path into the light seems dark,sewage,emery,-,41-10,0.0,0.0,0.0,41,634
the path forward seems to go back,sewage,mail,-,41-11,0.0,0.0,0.0,41,635
the direct path seems long,sewage,mushy,-,41-12,0.0,0.0,0.0,41,636
true power seems weak,sewage,mug,-,41-13,0.0,0.0,0.0,41,637
true purity seems tarnished,sewage,move,-,41-14,0.0,0.0,0.0,41,638
true steadfastness seems changeable,sewage,wimpy,-,41-15,0.0,0.0,0.0,41,639
true clarity seems obscure,sewage,rice,-,41-16,0.0,0.0,0.0,41,640
the greatest are seems unsophisticated,sewage,read,-,41-17,0.0,0.0,0.0,41,641
the greatest love seems indifferent,sewage,runny,-,41-18,0.0,0.0,0.0,41,642
the greatest wisdom seems childish,sewage,rum,-,41-19,0.0,0.0,0.0,41,643
the tao is nowhere to be found,sewage,rear,-,41-20,0.0,0.0,0.0,41,644
yet it nourishes and completes all things,sewage,royal,-,41-21,0.0,0.0,0.0,41,645
chapter 42,sewage,roach,-,42-0,0.0,0.0,0.0,42,646
the tao gives birth to one,sewage,rake,-,42-1,0.0,0.0,0.0,42,647
one gives birth to two,sewage,rough,-,42-2,0.0,0.0,0.0,42,648
two gives birth to three,sewage,rope,-,42-3,0.0,0.0,0.0,42,649
three gives birth to all things,sewage,lose,-,42-4,0.0,0.0,0.0,42,650
all things have their backs to the female,sewage,elite,-,42-5,0.0,0.0,0.0,42,651
and stand facing the male,sewage,lion,-,42-6,0.0,0.0,0.0,42,652
when male and female combine,sewage,loom,-,42-7,0.0,0.0,0.0,42,653
all things achieve harmony,sewage,leery,-,42-8,0.0,0.0,0.0,42,654
ordinary men hate solitude,sewage,lily,-,42-9,0.0,0.0,0.0,42,655
but the master makes use of it,sewage,latch,-,42-10,0.0,0.0,0.0,42,656
embracing his aloneness realizing,sewage,lucky,-,42-11,0.0,0.0,0.0,42,657
he is one with the whole universe,sewage,lava,-,42-12,0.0,0.0,0.0,42,658
chapter 43,sewage,help,-,43-0,0.0,0.0,0.0,43,659
the gentlest thing in the world,sewage,choosy,-,43-1,0.0,0.0,0.0,43,660
overcomes the hardest thing in the world,sewage,cheetah,-,43-2,0.0,0.0,0.0,43,661
that which has no substance,sewage,chain,-,43-3,0.0,0.0,0.0,43,662
enters where there is no space,sewage,sham,-,43-4,0.0,0.0,0.0,43,663
this shows the value of non action,sewage,shrew,-,43-5,0.0,0.0,0.0,43,664
teaching without words,sewage,chill,-,43-6,0.0,0.0,0.0,43,665
performing without actions,sewage,Jewish,-,43-7,0.0,0.0,0.0,43,666
that is the masters way,sewage,chick,-,43-8,0.0,0.0,0.0,43,667
chapter 44,sewage,achieve,-,44-0,0.0,0.0,0.0,44,668
fame or integrity which is more important,sewage,cheap,-,44-1,0.0,0.0,0.0,44,669
money or happiness which is more valuable,sewage,goose,-,44-2,0.0,0.0,0.0,44,670
success of failure which is more destructive,sewage,quote,-,44-3,0.0,0.0,0.0,44,671
if you look to others for fulfillment,sewage,keen,-,44-4,0.0,0.0,0.0,44,672
you will never truly be fulfilled,sewage,game,-,44-5,0.0,0.0,0.0,44,673
if your happiness depends on money,sewage,carry,-,44-6,0.0,0.0,0.0,44,674
you will never be happy with yourself,sewage,cool,-,44-7,0.0,0.0,0.0,44,675
be content with what you have,sewage,cage,-,44-8,0.0,0.0,0.0,44,676
rejoice in the way things are,sewage,cook,-,44-9,0.0,0.0,0.0,44,677
when you realize there is nothing lacking,sewage,goofy,-,44-10,0.0,0.0,0.0,44,678
the whole world belongs to you,sewage,cube,-,44-11,0.0,0.0,0.0,44,679
chapter 45,sewage,fuse,-,45-0,0.0,0.0,0.0,45,680
true perfection seems imperfect,sewage,fat,-,45-1,0.0,0.0,0.0,45,681
yet it is perfectly itself,sewage,fan,-,45-2,0.0,0.0,0.0,45,682
true fullness seems empty,sewage,fume,-,45-3,0.0,0.0,0.0,45,683
yet it is fully present,sewage,furry,-,45-4,0.0,0.0,0.0,45,684
true straightness seems crooked,sewage,fool,-,45-5,0.0,0.0,0.0,45,685
true wisdom seems foolish,sewage,fetch,-,45-6,0.0,0.0,0.0,45,686
true art seems artless,sewage,foggy,-,45-7,0.0,0.0,0.0,45,687
the master allows things to happen,sewage,fife,-,45-8,0.0,0.0,0.0,45,688
she shapes events as they come,sewage,fob,-,45-9,0.0,0.0,0.0,45,689
she steps out of the way,sewage,busy,-,45-10,0.0,0.0,0.0,45,690
and lets the tao speak for itself,sewage,bead,-,45-11,0.0,0.0,0.0,45,691
chapter 46,sewage,ban,-,46-0,0.0,0.0,0.0,46,692
when a country is in harmony with the tao,sewage,balmy,-,46-1,0.0,0.0,0.0,46,693
the factories make trucks and tractors,sewage,berry,-,46-2,0.0,0.0,0.0,46,694
when a country goes counter to the tao,sewage,peel,-,46-3,0.0,0.0,0.0,46,695
warheads are stockpiled outside the cities,sewage,bushy,-,46-4,0.0,0.0,0.0,46,696
there is no greater illusion than fear,sewage,bike,-,46-5,0.0,0.0,0.0,46,697
no greater wrong than preparing to defend yourself,sewage,pave,-,46-6,0.0,0.0,0.0,46,698
no greater misfortune than having an enemy,sewage,baby,-,46-7,0.0,0.0,0.0,46,699
whoever can see through all fear,sky,sauce,-,46-8,0.0,0.0,0.0,46,700
will always be safe,sky,swat,-,46-9,0.0,0.0,0.0,46,701
chapter 47,sky,snowy,-,47-0,0.0,0.0,0.0,47,702
without opening your door,sky,sumo,-,47-1,0.0,0.0,0.0,47,703
you can open your heart to the world,sky,sorrow,-,47-2,0.0,0.0,0.0,47,704
without looking out your window,sky,slow,-,47-3,0.0,0.0,0.0,47,705
you can see the essence of the tao,sky,sewage,-,47-4,0.0,0.0,0.0,47,706
the more you know,sky,soak,-,47-5,0.0,0.0,0.0,47,707
the less you understand,sky,savvy,-,47-6,0.0,0.0,0.0,47,708
the master arrives without leaving,sky,soap,-,47-7,0.0,0.0,0.0,47,709
sees the light without looking,sky,tease,-,47-8,0.0,0.0,0.0,47,710
achieves without doing a thing,sky,tight,-,47-9,0.0,0.0,0.0,47,711
chapter 48,sky,tuna,-,48-0,0.0,0.0,0.0,48,712
in pursuit of knowledge,sky,time,-,48-1,0.0,0.0,0.0,48,713
every day something is added,sky,dry,-,48-2,0.0,0.0,0.0,48,714
in the practice of the tao,sky,tail,-,48-3,0.0,0.0,0.0,48,715
every day something is dropped,sky,teach,-,48-4,0.0,0.0,0.0,48,716
less and less do you need to force things,sky,thick,-,48-5,0.0,0.0,0.0,48,717
until finally you arrive at non action,sky,dove,-,48-6,0.0,0.0,0.0,48,718
when nothing is done,sky,type,-,48-7,0.0,0.0,0.0,48,719
nothing is left undone,sky,noisy,-,48-8,0.0,0.0,0.0,48,720
true mastery can be gained,sky,net,-,48-9,0.0,0.0,0.0,48,721
by letting things go their own way,sky,nanny,-,48-10,0.0,0.0,0.0,48,722
it cant be gained by interfering,sky,numb,-,48-11,0.0,0.0,0.0,48,723
chapter 49,sky,winery,-,49-0,0.0,0.0,0.0,49,724
the master has no mind of her own,sky,inhale,-,49-1,0.0,0.0,0.0,49,725
she works with the mind of the people,sky,nudgy,-,49-2,0.0,0.0,0.0,49,726
she is good to people who are good,sky,neck,-,49-3,0.0,0.0,0.0,49,727
she is also good to people who arent good,sky,envy,-,49-4,0.0,0.0,0.0,49,728
this is true goodness,sky,wannabe,-,49-5,0.0,0.0,0.0,49,729
she trusts people who are trustworthy,sky,mouse,-,49-6,0.0,0.0,0.0,49,730
she also trusts people who arent trustworthy,sky,meet,-,49-7,0.0,0.0,0.0,49,731
this is true trust,sky,mean,-,49-8,0.0,0.0,0.0,49,732
the masters mind is like space,sky,mummy,-,49-9,0.0,0.0,0.0,49,733
people dont understand her,sky,marry,-,49-10,0.0,0.0,0.0,49,734
they look to her and wait,sky,male,-,49-11,0.0,0.0,0.0,49,735
she treats them like her own children,sky,match,-,49-12,0.0,0.0,0.0,49,736
chapter 50,sky,mock,-,50-0,0.0,0.0,0.0,50,737
the master gives himself up,sky,mauve,-,50-1,0.0,0.0,0.0,50,738
to whatever the moment brings,sky,map,-,50-2,0.0,0.0,0.0,50,739
he knows that he is going to die,sky,erase,-,50-3,0.0,0.0,0.0,50,740
and her has nothing left to hold on to,sky,ready,-,50-4,0.0,0.0,0.0,50,741
no illusions in his mind,sky,urine,-,50-5,0.0,0.0,0.0,50,742
no resistances in his body,sky,ram,-,50-6,0.0,0.0,0.0,50,743
he doesnt think about his actions,sky,rare,-,50-7,0.0,0.0,0.0,50,744
they flow from the core of his being,sky,railway,-,50-8,0.0,0.0,0.0,50,745
he holds nothing back from life,sky,reach,-,50-9,0.0,0.0,0.0,50,746
therefore he is ready for death,sky,rocky,-,50-10,0.0,0.0,0.0,50,747
as a man is ready for sleep,sky,roof,-,50-11,0.0,0.0,0.0,50,748
after a good days work,sky,wrap,-,50-12,0.0,0.0,0.0,50,749
chapter 51,sky,lazy,-,51-0,0.0,0.0,0.0,51,750
every being in the universe,sky,lady,-,51-1,0.0,0.0,0.0,51,751
is an expression of the tao,sky,align,-,51-2,0.0,0.0,0.0,51,752
it springs into existence,sky,lame,-,51-3,0.0,0.0,0.0,51,753
unconscious perfect free,sky,lorry,-,51-4,0.0,0.0,0.0,51,754
takes on a physical body,sky,lull,-,51-5,0.0,0.0,0.0,51,755
lets circumstances complete it,sky,yellowish,-,51-6,0.0,0.0,0.0,51,756
that is why every being,sky,leg,-,51-7,0.0,0.0,0.0,51,757
spontaneously honors the tao,sky,love,-,51-8,0.0,0.0,0.0,51,758
the tao gives birth to all beings,sky,loopy,-,51-9,0.0,0.0,0.0,51,759
nourishes them maintains them,sky,cheese,-,51-10,0.0,0.0,0.0,51,760
cares for them comforts them protects them,sky,cheat,-,51-11,0.0,0.0,0.0,51,761
takes them back to itself,sky,shiny,-,51-12,0.0,0.0,0.0,51,762
creating without possessing,sky,gem,-,51-13,0.0,0.0,0.0,51,763
acting without expecting,sky,jury,-,51-14,0.0,0.0,0.0,51,764
guiding without interfering,sky,jolly,-,51-15,0.0,0.0,0.0,51,765
that is why love of the tao,sky,cha-cha,-,51-16,0.0,0.0,0.0,51,766
is in the very nature of things,sky,check,-,51-17,0.0,0.0,0.0,51,767
chapter 52,sky,chief,-,52-0,0.0,0.0,0.0,52,768
in the beginning was the tao,sky,jeep,-,52-1,0.0,0.0,0.0,52,769
all things issue from it,sky,kiss,-,52-2,0.0,0.0,0.0,52,770
all things return to it,sky,good,-,52-3,0.0,0.0,0.0,52,771
to find the origin,sky,coin,-,52-4,0.0,0.0,0.0,52,772
trace back the manifestations,sky,comb,-,52-5,0.0,0.0,0.0,52,773
when you recognize the children,sky,grey,-,52-6,0.0,0.0,0.0,52,774
and find the mother,sky,clay,-,52-7,0.0,0.0,0.0,52,775
you will be free of sorrow,sky,coach,-,52-8,0.0,0.0,0.0,52,776
if you close your mind in judgements,sky,quick,-,52-9,0.0,0.0,0.0,52,777
and traffic with desires,sky,cave,-,52-10,0.0,0.0,0.0,52,778
your heart will be troubled,sky,copy,-,52-11,0.0,0.0,0.0,52,779
if you keep your mind from judging,sky,fussy,-,52-12,0.0,0.0,0.0,52,780
and arent led by the senses,sky,video,-,52-13,0.0,0.0,0.0,52,781
your heart will find peace,sky,fine,-,52-14,0.0,0.0,0.0,52,782
seeing into darkness is clarity,sky,foamy,-,52-15,0.0,0.0,0.0,52,783
knowing how to yield is strength,sky,fairy,-,52-16,0.0,0.0,0.0,52,784
use your own light,sky,fly,-,52-17,0.0,0.0,0.0,52,785
and return to the source of light,sky,fishy,-,52-18,0.0,0.0,0.0,52,786
this is called practicing eternity,sky,fig,-,52-19,0.0,0.0,0.0,52,787
chapter 53,sky,viva,-,53-0,0.0,0.0,0.0,53,788
the great way is easy,sky,fab,-,53-1,0.0,0.0,0.0,53,789
yet people prefer the side paths,sky,boss,-,53-2,0.0,0.0,0.0,53,790
be aware when things are out of balance,sky,bite,-,53-3,0.0,0.0,0.0,53,791
stay centered within the tao,sky,bony,-,53-4,0.0,0.0,0.0,53,792
when rich speculators prosper,sky,puma,-,53-5,0.0,0.0,0.0,53,793
while farmers lose their land,sky,bury,-,53-6,0.0,0.0,0.0,53,794
when government officials spend money,sky,blue,-,53-7,0.0,0.0,0.0,53,795
on weapons instead of cures,sky,pouch,-,53-8,0.0,0.0,0.0,53,796
when the upper class is extravagant and irresponsible,sky,poke,-,53-9,0.0,0.0,0.0,53,797
while the poor have nowhere to turn,sky,puffy,-,53-10,0.0,0.0,0.0,53,798
all this is robbery and chaos,sky,pipe,-,53-11,0.0,0.0,0.0,53,799
it is not in keeping with the tao,sofa,assess,-,53-12,0.0,0.0,0.0,53,800
chapter 54,sofa,sad,-,54-0,0.0,0.0,0.0,54,801
whoever is planted in the tao,sofa,sun,-,54-1,0.0,0.0,0.0,54,802
will not be rooted up,sofa,assume,-,54-2,0.0,0.0,0.0,54,803
whoever embraces the tao,sofa,sorry,-,54-3,0.0,0.0,0.0,54,804
will not slip away,sofa,soil,-,54-4,0.0,0.0,0.0,54,805
her name will be held in honor,sofa,switch,-,54-5,0.0,0.0,0.0,54,806
from generation to generation,sofa,sick,-,54-6,0.0,0.0,0.0,54,807
let the tao be present in your life,sofa,sofa,-,54-7,0.0,0.0,0.0,54,808
and you will become genuine,sofa,sob,-,54-8,0.0,0.0,0.0,54,809
let it be present in your family,sofa,dizzy,-,54-9,0.0,0.0,0.0,54,810
and your family will flourish,sofa,tattoo,-,54-10,0.0,0.0,0.0,54,811
let it be present in your country,sofa,widen,-,54-11,0.0,0.0,0.0,54,812
and your country will be an example,sofa,tame,-,54-12,0.0,0.0,0.0,54,813
to all countries in the world,sofa,diary,-,54-13,0.0,0.0,0.0,54,814
let it be present in the universe,sofa,tell,-,54-14,0.0,0.0,0.0,54,815
and the universe will sing,sofa,whitish,-,54-15,0.0,0.0,0.0,54,816
how do i know this is true,sofa,dog,-,54-16,0.0,0.0,0.0,54,817
by looking inside myself,sofa,defy,-,54-17,0.0,0.0,0.0,54,818
chapter 55,sofa,deep,-,55-0,0.0,0.0,0.0,55,819
he who is in harmony with the tao,sofa,nose,-,55-1,0.0,0.0,0.0,55,820
is like a newborn child,sofa,unite,-,55-2,0.0,0.0,0.0,55,821
its bones are soft its muscles are weak,sofa,neon,-,55-3,0.0,0.0,0.0,55,822
but its grip is powerful,sofa,enemy,-,55-4,0.0,0.0,0.0,55,823
it doesnt know about the union,sofa,honour,-,55-5,0.0,0.0,0.0,55,824
of male and female,sofa,annual,-,55-6,0.0,0.0,0.0,55,825
yet its penis can stand erect,sofa,nacho,-,55-7,0.0,0.0,0.0,55,826
so intense is its vital power,sofa,knock,-,55-8,0.0,0.0,0.0,55,827
it can scream its head off all day,sofa,naïve,-,55-9,0.0,0.0,0.0,55,828
yet it never becomes hoarse,sofa,honeybee,-,55-10,0.0,0.0,0.0,55,829
so complete is its harmony,sofa,amuse,-,55-11,0.0,0.0,0.0,55,830
the masters power is like this,sofa,mute,-,55-12,0.0,0.0,0.0,55,831
he lets all things come and go,sofa,moon,-,55-13,0.0,0.0,0.0,55,832
effortlessly without desire,sofa,mime,-,55-14,0.0,0.0,0.0,55,833
he never expects results,sofa,merry,-,55-15,0.0,0.0,0.0,55,834
thus he is never disappointed,sofa,mole,-,55-16,0.0,0.0,0.0,55,835
he is never disappointed,sofa,mash,-,55-17,0.0,0.0,0.0,55,836
thus his spirit never grows old,sofa,mucky,-,55-18,0.0,0.0,0.0,55,837
chapter 56,sofa,movie,-,56-0,0.0,0.0,0.0,56,838
those who know dont talk,sofa,mop,-,56-1,0.0,0.0,0.0,56,839
those who talk dont know,sofa,rosy,-,56-2,0.0,0.0,0.0,56,840
close your mouth,sofa,road,-,56-3,0.0,0.0,0.0,56,841
block off your senses,sofa,ruin,-,56-4,0.0,0.0,0.0,56,842
blunt your sharpness,sofa,haram,-,56-5,0.0,0.0,0.0,56,843
untie your knots,sofa,aurora,-,56-6,0.0,0.0,0.0,56,844
soften your glare,sofa,rule,-,56-7,0.0,0.0,0.0,56,845
settle your dust,sofa,rich,-,56-8,0.0,0.0,0.0,56,846
this is the primal identity,sofa,rag,-,56-9,0.0,0.0,0.0,56,847
be like the tao,sofa,arrive,-,56-10,0.0,0.0,0.0,56,848
it cant be approached or withdrawn from,sofa,ripe,-,56-11,0.0,0.0,0.0,56,849
benefited or harmed,sofa,louse,-,56-12,0.0,0.0,0.0,56,850
honored or brought into disgrace,sofa,let,-,56-13,0.0,0.0,0.0,56,851
it gives itself up continually,sofa,alien,-,56-14,0.0,0.0,0.0,56,852
that is why it endures,sofa,lime,-,56-15,0.0,0.0,0.0,56,853
chapter 57,sofa,lure,-,57-0,0.0,0.0,0.0,57,854
if you want to be a great leader,sofa,loyal,-,57-1,0.0,0.0,0.0,57,855
you must learn to follow the tao,sofa,leech,-,57-2,0.0,0.0,0.0,57,856
stop trying to control,sofa,lick,-,57-3,0.0,0.0,0.0,57,857
let go of fixed plans and concepts,sofa,leafy,-,57-4,0.0,0.0,0.0,57,858
and the world will govern itself,sofa,lip,-,57-5,0.0,0.0,0.0,57,859
the more prohibitions you have,sofa,chase,-,57-6,0.0,0.0,0.0,57,860
the less virtuous people will be,sofa,chatty,-,57-7,0.0,0.0,0.0,57,861
the more weapons you have,sofa,chin,-,57-8,0.0,0.0,0.0,57,862
the less secure people will be,sofa,jam,-,57-9,0.0,0.0,0.0,57,863
the more subsidies you have,sofa,cherry,-,57-10,0.0,0.0,0.0,57,864
the less self reliant people will be,sofa,chilli,-,57-11,0.0,0.0,0.0,57,865
therefore the master says,sofa,judge,-,57-12,0.0,0.0,0.0,57,866
i let go of the law,sofa,shaky,-,57-13,0.0,0.0,0.0,57,867
and people become honest,sofa,chef,-,57-14,0.0,0.0,0.0,57,868
i let go of economics,sofa,chop,-,57-15,0.0,0.0,0.0,57,869
and people become prosperous,sofa,cosy,-,57-16,0.0,0.0,0.0,57,870
i let go of religion,sofa,cat,-,57-17,0.0,0.0,0.0,57,871
and people become serene,sofa,weaken,-,57-18,0.0,0.0,0.0,57,872
i let go of all desire for the common good,sofa,gummy,-,57-19,0.0,0.0,0.0,57,873
and the good becomes common as grass,sofa,crow,-,57-20,0.0,0.0,0.0,57,874
chapter 58,sofa,kill,-,58-0,0.0,0.0,0.0,58,875
if a country is governed with tolerance,sofa,catchy,-,58-1,0.0,0.0,0.0,58,876
the people are comfortable and honest,sofa,cake,-,58-2,0.0,0.0,0.0,58,877
if a country is governed with repression,sofa,give,-,58-3,0.0,0.0,0.0,58,878
the people are depressed and crafty,sofa,agape,-,58-4,0.0,0.0,0.0,58,879
when the will to power is in charge,sofa,vase,-,58-5,0.0,0.0,0.0,58,880
the higher the ideals the lower the results,sofa,fight,-,58-6,0.0,0.0,0.0,58,881
try to make people happy,sofa,funny,-,58-7,0.0,0.0,0.0,58,882
and you lay the groundwork for misery,sofa,ovum,-,58-8,0.0,0.0,0.0,58,883
try to make people moral,sofa,fry,-,58-9,0.0,0.0,0.0,58,884
and you lay the groundwork for vice,sofa,foul,-,58-10,0.0,0.0,0.0,58,885
thus the master is content,sofa,veggie,-,58-11,0.0,0.0,0.0,58,886
to serve as an example,sofa,fake,-,58-12,0.0,0.0,0.0,58,887
and not to impose her will,sofa,fave,-,58-13,0.0,0.0,0.0,58,888
she is pointed but doesnt pierce,sofa,vibe,-,58-14,0.0,0.0,0.0,58,889
straightforward but supple,sofa,oppose,-,58-15,0.0,0.0,0.0,58,890
radiant but easy on the eyes,sofa,bad,-,58-16,0.0,0.0,0.0,58,891
chapter 59,sofa,pony,-,59-0,0.0,0.0,0.0,59,892
for governing a country well,sofa,bomb,-,59-1,0.0,0.0,0.0,59,893
there is nothing better than moderation,sofa,pro,-,59-2,0.0,0.0,0.0,59,894
the mark of a moderate man,sofa,bell,-,59-3,0.0,0.0,0.0,59,895
is freedom from his own ideas,sofa,patch,-,59-4,0.0,0.0,0.0,59,896
tolerant like the sky,sofa,back,-,59-5,0.0,0.0,0.0,59,897
all pervading like sunlight,sofa,beef,-,59-6,0.0,0.0,0.0,59,898
firm like a mountain,sofa,pop,-,59-7,0.0,0.0,0.0,59,899
supple like a tree in the wind,soap,sassy,-,59-8,0.0,0.0,0.0,59,900
he has no destination in view,soap,seed,-,59-9,0.0,0.0,0.0,59,901
and makes use of anything,soap,assign,-,59-10,0.0,0.0,0.0,59,902
life happens to bring his way,soap,awesome,-,59-11,0.0,0.0,0.0,59,903
nothing is impossible for him,soap,sierra,-,59-12,0.0,0.0,0.0,59,904
because he has let go,soap,sell,-,59-13,0.0,0.0,0.0,59,905
he can care for the peoples welfare,soap,swishy,-,59-14,0.0,0.0,0.0,59,906
as a mother cares for her child,soap,sky,-,59-15,0.0,0.0,0.0,59,907
chapter 60,soap,save,-,60-0,0.0,0.0,0.0,60,908
governing a large country,soap,sappy,-,60-1,0.0,0.0,0.0,60,909
is like frying a small fish,soap,daisy,-,60-2,0.0,0.0,0.0,60,910
you spoil it with too much poking,soap,edit,-,60-3,0.0,0.0,0.0,60,911
center your country in the tao,soap,wooden,-,60-4,0.0,0.0,0.0,60,912
and evil will have no power,soap,dome,-,60-5,0.0,0.0,0.0,60,913
not that it isnt there,soap,draw,-,60-6,0.0,0.0,0.0,60,914
but youll be able to step out of its way,soap,tall,-,60-7,0.0,0.0,0.0,60,915
give evil nothing to oppose,soap,dish,-,60-8,0.0,0.0,0.0,60,916
and it will disappear by itself,soap,take,-,60-9,0.0,0.0,0.0,60,917
chapter 61,soap,deaf,-,61-0,0.0,0.0,0.0,61,918
when a country obtains great power,soap,tuba,-,61-1,0.0,0.0,0.0,61,919
it becomes like the sea,soap,ionize,-,61-2,0.0,0.0,0.0,61,920
all streams run downward into it,soap,neat,-,61-3,0.0,0.0,0.0,61,921
the more powerful it grows,soap,onion,-,61-4,0.0,0.0,0.0,61,922
the greater the need for humility,soap,name,-,61-5,0.0,0.0,0.0,61,923
humility means trusting the tao,soap,narrow,-,61-6,0.0,0.0,0.0,61,924
thus never needing to be defensive,soap,nail,-,61-7,0.0,0.0,0.0,61,925
a great nation is like a great man,soap,enjoy,-,61-8,0.0,0.0,0.0,61,926
when he makes a mistake he realizes it,soap,naggy,-,61-9,0.0,0.0,0.0,61,927
having realized it he admits it,soap,knife,-,61-10,0.0,0.0,0.0,61,928
having admitted it he corrects it,soap,nab,-,61-11,0.0,0.0,0.0,61,929
he considers those who point out his faults,soap,messy,-,61-12,0.0,0.0,0.0,61,930
as his most benevolent teachers,soap,meadow,-,61-13,0.0,0.0,0.0,61,931
he thinks of his enemy,soap,mine,-,61-14,0.0,0.0,0.0,61,932
as the shadow that he himself casts,soap,mum,-,61-15,0.0,0.0,0.0,61,933
if a nation is centered in the tao,soap,emery,-,61-16,0.0,0.0,0.0,61,934
if it nourishes its own people,soap,mail,-,61-17,0.0,0.0,0.0,61,935
and doesnt meddle in the affairs of others,soap,mushy,-,61-18,0.0,0.0,0.0,61,936
it will be a light to all nations in the world,soap,mug,-,61-19,0.0,0.0,0.0,61,937
chapter 62,soap,move,-,62-0,0.0,0.0,0.0,62,938
the tao is the center of the universe,soap,wimpy,-,62-1,0.0,0.0,0.0,62,939
the good mans treasure,soap,rice,-,62-2,0.0,0.0,0.0,62,940
the bad mans refuge,soap,read,-,62-3,0.0,0.0,0.0,62,941
honors can be bought with fine words,soap,runny,-,62-4,0.0,0.0,0.0,62,942
respect can be won with good deeds,soap,rum,-,62-5,0.0,0.0,0.0,62,943
but the tao is beyond all value,soap,rear,-,62-6,0.0,0.0,0.0,62,944
and no one can achieve it,soap,royal,-,62-7,0.0,0.0,0.0,62,945
thus when a new leader is chosen,soap,roach,-,62-8,0.0,0.0,0.0,62,946
dont offer to help him,soap,rake,-,62-9,0.0,0.0,0.0,62,947
with your wealth or your expertise,soap,rough,-,62-10,0.0,0.0,0.0,62,948
offer instead,soap,rope,-,62-11,0.0,0.0,0.0,62,949
to teach him about the tao,soap,lose,-,62-12,0.0,0.0,0.0,62,950
why did the ancient masters esteem the tao,soap,elite,-,62-13,0.0,0.0,0.0,62,951
because being one with the tao,soap,lion,-,62-14,0.0,0.0,0.0,62,952
when you seek you find,soap,loom,-,62-15,0.0,0.0,0.0,62,953
and when you make a mistake you are forgiven,soap,leery,-,62-16,0.0,0.0,0.0,62,954
that is why everybody loves it,soap,lily,-,62-17,0.0,0.0,0.0,62,955
chapter 63,soap,latch,-,63-0,0.0,0.0,0.0,63,956
act without doing,soap,lucky,-,63-1,0.0,0.0,0.0,63,957
work without effort,soap,lava,-,63-2,0.0,0.0,0.0,63,958
think of the small as large,soap,help,-,63-3,0.0,0.0,0.0,63,959
and the few as many,soap,choosy,-,63-4,0.0,0.0,0.0,63,960
confront the difficult,soap,cheetah,-,63-5,0.0,0.0,0.0,63,961
while it is still easy,soap,chain,-,63-6,0.0,0.0,0.0,63,962
accomplish the great task,soap,sham,-,63-7,0.0,0.0,0.0,63,963
by a series of small acts,soap,shrew,-,63-8,0.0,0.0,0.0,63,964
the master never reaches for the great,soap,chill,-,63-9,0.0,0.0,0.0,63,965
thus she achieves greatness,soap,Jewish,-,63-10,0.0,0.0,0.0,63,966
when she runs into a difficulty,soap,chick,-,63-11,0.0,0.0,0.0,63,967
she stops and gives herself to it,soap,achieve,-,63-12,0.0,0.0,0.0,63,968
she doesnt cling to her own comfort,soap,cheap,-,63-13,0.0,0.0,0.0,63,969
thus problems are no problem for her,soap,goose,-,63-14,0.0,0.0,0.0,63,970
chapter 64,soap,quote,-,64-0,0.0,0.0,0.0,64,971
what is rooted is easy to nourish,soap,keen,-,64-1,0.0,0.0,0.0,64,972
what is recent is easy to correct,soap,game,-,64-2,0.0,0.0,0.0,64,973
what is brittle is easy to break,soap,carry,-,64-3,0.0,0.0,0.0,64,974
what is small is easy to scatter,soap,cool,-,64-4,0.0,0.0,0.0,64,975
prevent trouble before it arises,soap,cage,-,64-5,0.0,0.0,0.0,64,976
put things in order before they exist,soap,cook,-,64-6,0.0,0.0,0.0,64,977
the giant pine tree,soap,goofy,-,64-7,0.0,0.0,0.0,64,978
grows from a tiny sprout,soap,cube,-,64-8,0.0,0.0,0.0,64,979
the journey of a thousand miles,soap,fuse,-,64-9,0.0,0.0,0.0,64,980
starts from beneath your feet,soap,fat,-,64-10,0.0,0.0,0.0,64,981
rushing into action you fail,soap,fan,-,64-11,0.0,0.0,0.0,64,982
trying to grasp things you lose them,soap,fume,-,64-12,0.0,0.0,0.0,64,983
forcing a project to completion,soap,furry,-,64-13,0.0,0.0,0.0,64,984
you ruin what was almost ripe,soap,fool,-,64-14,0.0,0.0,0.0,64,985
therefore the master takes action,soap,fetch,-,64-15,0.0,0.0,0.0,64,986
by letting things take their course,soap,foggy,-,64-16,0.0,0.0,0.0,64,987
he remains as calm,soap,fife,-,64-17,0.0,0.0,0.0,64,988
at the end as at the beginning,soap,fob,-,64-18,0.0,0.0,0.0,64,989
he has nothing,soap,busy,-,64-19,0.0,0.0,0.0,64,990
thus has nothing to lose,soap,bead,-,64-20,0.0,0.0,0.0,64,991
what he desires is non desire,soap,ban,-,64-21,0.0,0.0,0.0,64,992
what he learns is to unlearn,soap,balmy,-,64-22,0.0,0.0,0.0,64,993
he simply reminds people,soap,berry,-,64-23,0.0,0.0,0.0,64,994
of who they have always been,soap,peel,-,64-24,0.0,0.0,0.0,64,995
he cares about nothing but the tao,soap,bushy,-,64-25,0.0,0.0,0.0,64,996
thus he can care for all things,soap,bike,-,64-26,0.0,0.0,0.0,64,997
chapter 65,soap,pave,-,65-0,0.0,0.0,0.0,65,998
the ancient masters,soap,baby,-,65-1,0.0,0.0,0.0,65,999
didnt try to educate the people,daisy,sauce,-,65-2,0.0,0.0,0.0,65,1000
but kindly taught them to not know,daisy,swat,-,65-3,0.0,0.0,0.0,65,1001
when they think that they know the answers,daisy,snowy,-,65-4,0.0,0.0,0.0,65,1002
people are difficult to guide,daisy,sumo,-,65-5,0.0,0.0,0.0,65,1003
when they know that they dont know,daisy,sorrow,-,65-6,0.0,0.0,0.0,65,1004
people can find their own way,daisy,slow,-,65-7,0.0,0.0,0.0,65,1005
if you want to learn how to govern,daisy,sewage,-,65-8,0.0,0.0,0.0,65,1006
avoid being clever or rich,daisy,soak,-,65-9,0.0,0.0,0.0,65,1007
the simplest pattern is the clearest,daisy,savvy,-,65-10,0.0,0.0,0.0,65,1008
content with an ordinary life,daisy,soap,-,65-11,0.0,0.0,0.0,65,1009
you can show all people the way,daisy,tease,-,65-12,0.0,0.0,0.0,65,1010
back to their own true nature,daisy,tight,-,65-13,0.0,0.0,0.0,65,1011
chapter 66,daisy,tuna,-,66-0,0.0,0.0,0.0,66,1012
all streams flow to the sea,daisy,time,-,66-1,0.0,0.0,0.0,66,1013
because it is lower than they are,daisy,dry,-,66-2,0.0,0.0,0.0,66,1014
humility gives it its power,daisy,tail,-,66-3,0.0,0.0,0.0,66,1015
if you want to govern the people,daisy,teach,-,66-4,0.0,0.0,0.0,66,1016
you must place yourself below them,daisy,thick,-,66-5,0.0,0.0,0.0,66,1017
if you want to lead the people,daisy,dove,-,66-6,0.0,0.0,0.0,66,1018
you must learn how to follow them,daisy,type,-,66-7,0.0,0.0,0.0,66,1019
the master is above the people,daisy,noisy,-,66-8,0.0,0.0,0.0,66,1020
and no one feels oppressed,daisy,net,-,66-9,0.0,0.0,0.0,66,1021
she goes ahead of the people,daisy,nanny,-,66-10,0.0,0.0,0.0,66,1022
and no one feels manipulated,daisy,numb,-,66-11,0.0,0.0,0.0,66,1023
the whole world is grateful to her,daisy,winery,-,66-12,0.0,0.0,0.0,66,1024
because she competes with no one,daisy,inhale,-,66-13,0.0,0.0,0.0,66,1025
no one can compete with her,daisy,nudgy,-,66-14,0.0,0.0,0.0,66,1026
chapter 67,daisy,neck,-,67-0,0.0,0.0,0.0,67,1027
some say that my teaching is nonsense,daisy,envy,-,67-1,0.0,0.0,0.0,67,1028
others call it lofty but impractical,daisy,wannabe,-,67-2,0.0,0.0,0.0,67,1029
but to those who have looked inside themselves,daisy,mouse,-,67-3,0.0,0.0,0.0,67,1030
this nonsense makes perfect sense,daisy,meet,-,67-4,0.0,0.0,0.0,67,1031
and to those who put it into practice,daisy,mean,-,67-5,0.0,0.0,0.0,67,1032
this loftiness has roots that go deep,daisy,mummy,-,67-6,0.0,0.0,0.0,67,1033
i have just three things to teach,daisy,marry,-,67-7,0.0,0.0,0.0,67,1034
simplicity patience compassion,daisy,male,-,67-8,0.0,0.0,0.0,67,1035
these three are your greatest treasures,daisy,match,-,67-9,0.0,0.0,0.0,67,1036
simple in actions and in thoughts,daisy,mock,-,67-10,0.0,0.0,0.0,67,1037
you return to the source of being,daisy,mauve,-,67-11,0.0,0.0,0.0,67,1038
patient with both friends and enemies,daisy,map,-,67-12,0.0,0.0,0.0,67,1039
you accord with the way things are,daisy,erase,-,67-13,0.0,0.0,0.0,67,1040
compassionate toward yourself,daisy,ready,-,67-14,0.0,0.0,0.0,67,1041
you reconcile all beings in the world,daisy,urine,-,67-15,0.0,0.0,0.0,67,1042
chapter 68,daisy,ram,-,68-0,0.0,0.0,0.0,68,1043
the best athlete,daisy,rare,-,68-1,0.0,0.0,0.0,68,1044
wants his opponent at his best,daisy,railway,-,68-2,0.0,0.0,0.0,68,1045
the best general,daisy,reach,-,68-3,0.0,0.0,0.0,68,1046
enters the mind of his enemy,daisy,rocky,-,68-4,0.0,0.0,0.0,68,1047
the best businessman,daisy,roof,-,68-5,0.0,0.0,0.0,68,1048
serves the communal good,daisy,wrap,-,68-6,0.0,0.0,0.0,68,1049
the best leader,daisy,lazy,-,68-7,0.0,0.0,0.0,68,1050
follows the will of the people,daisy,lady,-,68-8,0.0,0.0,0.0,68,1051
all of the embody,daisy,align,-,68-9,0.0,0.0,0.0,68,1052
the virtue of non competition,daisy,lame,-,68-10,0.0,0.0,0.0,68,1053
not that they dont love to compete,daisy,lorry,-,68-11,0.0,0.0,0.0,68,1054
but they do it in the spirit of play,daisy,lull,-,68-12,0.0,0.0,0.0,68,1055
in this they are like children,daisy,yellowish,-,68-13,0.0,0.0,0.0,68,1056
and in harmony with the tao,daisy,leg,-,68-14,0.0,0.0,0.0,68,1057
chapter 69,daisy,love,-,69-0,0.0,0.0,0.0,69,1058
the generals have a saying,daisy,loopy,-,69-1,0.0,0.0,0.0,69,1059
rather than make the first move,daisy,cheese,-,69-2,0.0,0.0,0.0,69,1060
it is better to wait and see,daisy,cheat,-,69-3,0.0,0.0,0.0,69,1061
rather than advance an inch,daisy,shiny,-,69-4,0.0,0.0,0.0,69,1062
it is better to retreat a yard,daisy,gem,-,69-5,0.0,0.0,0.0,69,1063
this is called,daisy,jury,-,69-6,0.0,0.0,0.0,69,1064
going forward without advancing,daisy,jolly,-,69-7,0.0,0.0,0.0,69,1065
pushing back without using weapons,daisy,cha-cha,-,69-8,0.0,0.0,0.0,69,1066
there is no greater misfortune,daisy,check,-,69-9,0.0,0.0,0.0,69,1067
than underestimating your enemy,daisy,chief,-,69-10,0.0,0.0,0.0,69,1068
underestimating your enemy,daisy,jeep,-,69-11,0.0,0.0,0.0,69,1069
means thinking that he is evil,daisy,kiss,-,69-12,0.0,0.0,0.0,69,1070
thus you destroy your three treasures,daisy,good,-,69-13,0.0,0.0,0.0,69,1071
and become an enemy yourself,daisy,coin,-,69-14,0.0,0.0,0.0,69,1072
when two great forces oppose each other,daisy,comb,-,69-15,0.0,0.0,0.0,69,1073
the victory will go,daisy,grey,-,69-16,0.0,0.0,0.0,69,1074
to the one that knows how to yield,daisy,clay,-,69-17,0.0,0.0,0.0,69,1075
chapter 70,daisy,coach,-,70-0,0.0,0.0,0.0,70,1076
my teachings are easy to understand,daisy,quick,-,70-1,0.0,0.0,0.0,70,1077
and easy to put into practice,daisy,cave,-,70-2,0.0,0.0,0.0,70,1078
yet your intellect will never grasp them,daisy,copy,-,70-3,0.0,0.0,0.0,70,1079
and if you try to practice them youll fail,daisy,fussy,-,70-4,0.0,0.0,0.0,70,1080
my teachings are older than the world,daisy,video,-,70-5,0.0,0.0,0.0,70,1081
how can you grasp their meaning,daisy,fine,-,70-6,0.0,0.0,0.0,70,1082
if you want to know me,daisy,foamy,-,70-7,0.0,0.0,0.0,70,1083
look inside your heart,daisy,fairy,-,70-8,0.0,0.0,0.0,70,1084
chapter 71,daisy,fly,-,71-0,0.0,0.0,0.0,71,1085
not knowing is true knowledge,daisy,fishy,-,71-1,0.0,0.0,0.0,71,1086
presuming to know is a disease,daisy,fig,-,71-2,0.0,0.0,0.0,71,1087
first realize that you are sick,daisy,viva,-,71-3,0.0,0.0,0.0,71,1088
then you can move toward health,daisy,fab,-,71-4,0.0,0.0,0.0,71,1089
the master is her own physician,daisy,boss,-,71-5,0.0,0.0,0.0,71,1090
she has healed herself of all knowing,daisy,bite,-,71-6,0.0,0.0,0.0,71,1091
thus she is truly whole,daisy,bony,-,71-7,0.0,0.0,0.0,71,1092
chapter 72,daisy,puma,-,72-0,0.0,0.0,0.0,72,1093
when they lose their sense of awe,daisy,bury,-,72-1,0.0,0.0,0.0,72,1094
people turn to religion,daisy,blue,-,72-2,0.0,0.0,0.0,72,1095
when they no longer trust themselves,daisy,pouch,-,72-3,0.0,0.0,0.0,72,1096
they begin to depend upon authority,daisy,poke,-,72-4,0.0,0.0,0.0,72,1097
therefore the master steps back,daisy,puffy,-,72-5,0.0,0.0,0.0,72,1098
so that people wont be confused,daisy,pipe,-,72-6,0.0,0.0,0.0,72,1099
he teaches without a teaching,tattoo,assess,-,72-7,0.0,0.0,0.0,72,1100
so that people will have nothing to learn,tattoo,sad,-,72-8,0.0,0.0,0.0,72,1101
chapter 73,tattoo,sun,-,73-0,0.0,0.0,0.0,73,1102
the tao is always at ease,tattoo,assume,-,73-1,0.0,0.0,0.0,73,1103
it overcomes without competing,tattoo,sorry,-,73-2,0.0,0.0,0.0,73,1104
answers without speaking a word,tattoo,soil,-,73-3,0.0,0.0,0.0,73,1105
arrives without being summoned,tattoo,switch,-,73-4,0.0,0.0,0.0,73,1106
accomplishes without a plan,tattoo,sick,-,73-5,0.0,0.0,0.0,73,1107
its net covers the whole universe,tattoo,sofa,-,73-6,0.0,0.0,0.0,73,1108
and though its meshes are wide,tattoo,sob,-,73-7,0.0,0.0,0.0,73,1109
it doesnt let a thing slip through,tattoo,dizzy,-,73-8,0.0,0.0,0.0,73,1110
chapter 74,tattoo,tattoo,-,74-0,0.0,0.0,0.0,74,1111
if you realize that all things change,tattoo,widen,-,74-1,0.0,0.0,0.0,74,1112
there is nothing you will try to hold on to,tattoo,tame,-,74-2,0.0,0.0,0.0,74,1113
if you arent afraid of dying,tattoo,diary,-,74-3,0.0,0.0,0.0,74,1114
there is nothing you cant achieve,tattoo,tell,-,74-4,0.0,0.0,0.0,74,1115
trying to control the future,tattoo,whitish,-,74-5,0.0,0.0,0.0,74,1116
is like trying to take the master carpenters place,tattoo,dog,-,74-6,0.0,0.0,0.0,74,1117
when you handle the master carpenters tools,tattoo,defy,-,74-7,0.0,0.0,0.0,74,1118
chances are that youll cut your hand,tattoo,deep,-,74-8,0.0,0.0,0.0,74,1119
chapter 75,tattoo,nose,-,75-0,0.0,0.0,0.0,75,1120
when taxes are too high,tattoo,unite,-,75-1,0.0,0.0,0.0,75,1121
people go hungry,tattoo,neon,-,75-2,0.0,0.0,0.0,75,1122
when the government is too intrusive,tattoo,enemy,-,75-3,0.0,0.0,0.0,75,1123
people lose their spirit,tattoo,honour,-,75-4,0.0,0.0,0.0,75,1124
act for the peoples benefit,tattoo,annual,-,75-5,0.0,0.0,0.0,75,1125
trust them leave them alone,tattoo,nacho,-,75-6,0.0,0.0,0.0,75,1126
chapter 76,tattoo,knock,-,76-0,0.0,0.0,0.0,76,1127
men are born soft and supple,tattoo,naïve,-,76-1,0.0,0.0,0.0,76,1128
dead they are stiff and hard,tattoo,honeybee,-,76-2,0.0,0.0,0.0,76,1129
plats are born tender and pliant,tattoo,amuse,-,76-3,0.0,0.0,0.0,76,1130
dead they are brittle and dry,tattoo,mute,-,76-4,0.0,0.0,0.0,76,1131
thus whoever is stiff and inflexible,tattoo,moon,-,76-5,0.0,0.0,0.0,76,1132
is a disciple of death,tattoo,mime,-,76-6,0.0,0.0,0.0,76,1133
whoever is soft and yielding,tattoo,merry,-,76-7,0.0,0.0,0.0,76,1134
is a disciple of life,tattoo,mole,-,76-8,0.0,0.0,0.0,76,1135
the hard and stiff will be broken,tattoo,mash,-,76-9,0.0,0.0,0.0,76,1136
the soft and supple will prevail,tattoo,mucky,-,76-10,0.0,0.0,0.0,76,1137
chapter 77,tattoo,movie,-,77-0,0.0,0.0,0.0,77,1138
as it acts in the world the tao,tattoo,mop,-,77-1,0.0,0.0,0.0,77,1139
is like the bending of a bow,tattoo,rosy,-,77-2,0.0,0.0,0.0,77,1140
the top is bent downward,tattoo,road,-,77-3,0.0,0.0,0.0,77,1141
the bottom is bent up,tattoo,ruin,-,77-4,0.0,0.0,0.0,77,1142
it adjusts excess and deficiency,tattoo,haram,-,77-5,0.0,0.0,0.0,77,1143
so that there is perfect balance,tattoo,aurora,-,77-6,0.0,0.0,0.0,77,1144
it takes from what is too much,tattoo,rule,-,77-7,0.0,0.0,0.0,77,1145
and give to what isnt enough,tattoo,rich,-,77-8,0.0,0.0,0.0,77,1146
those who try to control,tattoo,rag,-,77-9,0.0,0.0,0.0,77,1147
who use force to protect their power,tattoo,arrive,-,77-10,0.0,0.0,0.0,77,1148
go against the direction of the tao,tattoo,ripe,-,77-11,0.0,0.0,0.0,77,1149
they take from those who dont have enough,tattoo,louse,-,77-12,0.0,0.0,0.0,77,1150
and give to those who have far too much,tattoo,let,-,77-13,0.0,0.0,0.0,77,1151
the master can keep giving,tattoo,alien,-,77-14,0.0,0.0,0.0,77,1152
because there is no end to her wealth,tattoo,lime,-,77-15,0.0,0.0,0.0,77,1153
she acts without expectation,tattoo,lure,-,77-16,0.0,0.0,0.0,77,1154
succeeds without taking credit,tattoo,loyal,-,77-17,0.0,0.0,0.0,77,1155
and doesnt think that she is better,tattoo,leech,-,77-18,0.0,0.0,0.0,77,1156
than anyone else,tattoo,lick,-,77-19,0.0,0.0,0.0,77,1157
chapter 78,tattoo,leafy,-,78-0,0.0,0.0,0.0,78,1158
nothing in the world,tattoo,lip,-,78-1,0.0,0.0,0.0,78,1159
is as soft and yielding as water,tattoo,chase,-,78-2,0.0,0.0,0.0,78,1160
yet for dissolving the hard and inflexible,tattoo,chatty,-,78-3,0.0,0.0,0.0,78,1161
nothing can surpass it,tattoo,chin,-,78-4,0.0,0.0,0.0,78,1162
the soft overcomes the hard,tattoo,jam,-,78-5,0.0,0.0,0.0,78,1163
the gentle overcomes the rigid,tattoo,cherry,-,78-6,0.0,0.0,0.0,78,1164
everyone knows this is true,tattoo,chilli,-,78-7,0.0,0.0,0.0,78,1165
but few can put it into practice,tattoo,judge,-,78-8,0.0,0.0,0.0,78,1166
therefore the master remains,tattoo,shaky,-,78-9,0.0,0.0,0.0,78,1167
serene in the midst of sorrow,tattoo,chef,-,78-10,0.0,0.0,0.0,78,1168
evil cannot enter his heart,tattoo,chop,-,78-11,0.0,0.0,0.0,78,1169
because he has given up helping,tattoo,cosy,-,78-12,0.0,0.0,0.0,78,1170
he is peoples greatest help,tattoo,cat,-,78-13,0.0,0.0,0.0,78,1171
true words seem paradoxical,tattoo,weaken,-,78-14,0.0,0.0,0.0,78,1172
chapter 79,tattoo,gummy,-,79-0,0.0,0.0,0.0,79,1173
failure is an opportunity,tattoo,crow,-,79-1,0.0,0.0,0.0,79,1174
if you blame someone else,tattoo,kill,-,79-2,0.0,0.0,0.0,79,1175
there is no end to the blame,tattoo,catchy,-,79-3,0.0,0.0,0.0,79,1176
therefore the master,tattoo,cake,-,79-4,0.0,0.0,0.0,79,1177
fulfills her own obligations,tattoo,give,-,79-5,0.0,0.0,0.0,79,1178
and corrects her own mistakes,tattoo,agape,-,79-6,0.0,0.0,0.0,79,1179
she does what she needs to do,tattoo,vase,-,79-7,0.0,0.0,0.0,79,1180
and demands nothing of others,tattoo,fight,-,79-8,0.0,0.0,0.0,79,1181
chapter 80,tattoo,funny,-,80-0,0.0,0.0,0.0,80,1182
if a country is governed wisely,tattoo,ovum,-,80-1,0.0,0.0,0.0,80,1183
its inhabitants will be content,tattoo,fry,-,80-2,0.0,0.0,0.0,80,1184
they enjoy the labor of their hands,tattoo,foul,-,80-3,0.0,0.0,0.0,80,1185
and dont waste time inventing,tattoo,veggie,-,80-4,0.0,0.0,0.0,80,1186
labor saving machines,tattoo,fake,-,80-5,0.0,0.0,0.0,80,1187
since they dearly love their homes,tattoo,fave,-,80-6,0.0,0.0,0.0,80,1188
they arent interested in travel,tattoo,vibe,-,80-7,0.0,0.0,0.0,80,1189
there may be a few wagons and boats,tattoo,oppose,-,80-8,0.0,0.0,0.0,80,1190
but these dont go anywhere,tattoo,bad,-,80-9,0.0,0.0,0.0,80,1191
there may be an arsenal of weapons,tattoo,pony,-,80-10,0.0,0.0,0.0,80,1192
but nobody ever uses them,tattoo,bomb,-,80-11,0.0,0.0,0.0,80,1193
people enjoy their food,tattoo,pro,-,80-12,0.0,0.0,0.0,80,1194
take pleasure in being with their families,tattoo,bell,-,80-13,0.0,0.0,0.0,80,1195
spend weekends working in their gardens,tattoo,patch,-,80-14,0.0,0.0,0.0,80,1196
delight in the doings of the neighborhood,tattoo,back,-,80-15,0.0,0.0,0.0,80,1197
and even though the next country is so close,tattoo,beef,-,80-16,0.0,0.0,0.0,80,1198
that people can hear its roosters crowing and its dogs barking,tattoo,pop,-,80-17,0.0,0.0,0.0,80,1199
they are content to die of old age,tuna,sassy,-,80-18,0.0,0.0,0.0,80,1200
without ever having gone to see it,tuna,seed,-,80-19,0.0,0.0,0.0,80,1201
chapter 81,tuna,assign,-,81-0,0.0,0.0,0.0,81,1202
true words arent eloquent,tuna,awesome,-,81-1,0.0,0.0,0.0,81,1203
eloquent words arent true,tuna,sierra,-,81-2,0.0,0.0,0.0,81,1204
wise men dont need to prove their point,tuna,sell,-,81-3,0.0,0.0,0.0,81,1205
men who need to prove their point arent wise,tuna,swishy,-,81-4,0.0,0.0,0.0,81,1206
the master has no possessions,tuna,sky,-,81-5,0.0,0.0,0.0,81,1207
the more he does for others,tuna,save,-,81-6,0.0,0.0,0.0,81,1208
the happier he is,tuna,sappy,-,81-7,0.0,0.0,0.0,81,1209
the more he gives to others,tuna,daisy,-,81-8,0.0,0.0,0.0,81,1210
the wealthier he is,tuna,edit,-,81-9,0.0,0.0,0.0,81,1211
the tao nourishes by not forcing,tuna,wooden,-,81-10,0.0,0.0,0.0,81,1212
by not dominating the master leads,tuna,dome,-,81-11,0.0,0.0,0.0,81,1213
